1,0.000125,0,0,0,0,2.323
2,0.000499,0.003739,0,0,0,2.333
3,0.001246,0.011217,0.07478,0,0,2.343
4,0.002368,0.022434,0.18695,1.121699,0,2.353
5,0.003801,0.036767,0.330278,2.55498,14.332817,2.363
6,0.005484,0.053592,0.498533,4.237529,31.158298,2.373
7,0.007478,0.073534,0.697946,6.23166,51.09961,2.383
8,0.009846,0.097214,0.934749,8.59969,74.779916,2.393
9,0.012588,0.124633,1.208942,11.341621,102.199219,2.403
10,0.015766,0.156415,1.526757,14.519767,133.980683,2.413
11,0.019194,0.190689,1.869498,17.94718,168.254812,2.423
12,0.022746,0.22247,2.187313,21.125326,200.036276,2.433
13,0.026298,0.250513,2.392957,23.181774,220.600753,2.443
14,0.02985,0.274816,2.523822,23.368724,222.470251,2.453
15,0.033526,0.29725,2.604834,22.745558,201.905774,2.463
16,0.037515,0.320307,2.66715,21.686176,174.486472,2.473
17,0.041752,0.342741,2.692077,19.941311,137.096513,2.483
18,0.046177,0.363306,2.660919,17.261697,86.62007,2.493
19,0.05085,0.382624,2.579907,13.709651,23.680307,2.503
20,0.055711,0.399449,2.430347,9.035907,-54.838605,2.513
21,0.060821,0.416275,2.255861,3.863629,-140.835509,2.523
22,0.066118,0.433724,2.112533,-0.747799,-218.731255,2.533
23,0.071602,0.453042,2.025289,-3.676679,-268.584533,2.543
24,0.077273,0.474229,1.994131,-5.296911,-286.656346,2.553
25,0.083068,0.495417,1.981668,-6.23166,-289.772176,2.563
26,0.088926,0.514112,1.938046,-7.291042,-289.772176,2.573
27,0.094908,0.531561,1.888193,-8.038841,-279.80152,2.583
28,0.101015,0.548386,1.850803,-8.101158,-253.62855,2.593
29,0.107185,0.563342,1.807181,-7.727258,-214.369094,2.603
30,0.113416,0.577052,1.776023,-6.543243,-155.791492,2.613
31,0.11971,0.588892,1.72617,-5.296911,-91.605398,2.623
32,0.126191,0.600732,1.670085,-4.424478,-36.766792,2.633
33,0.132921,0.613195,1.601537,-4.237529,-5.608494,2.643
34,0.139963,0.626905,1.526757,-4.673745,6.23166,2.653
35,0.147316,0.642484,1.470672,-5.109961,11.216987,2.663
36,0.154919,0.659933,1.458208,-4.798378,24.926639,2.673
37,0.162771,0.678628,1.470672,-4.175212,38.63629,2.683
38,0.170747,0.697323,1.489367,-3.614363,44.86795,2.693
39,0.178911,0.717264,1.53922,-2.679614,50.476444,2.703
40,0.187261,0.738452,1.614,-1.620232,49.230112,2.713
41,0.195923,0.762132,1.732401,0.062317,53.592273,2.723
42,0.204835,0.786435,1.857035,1.869498,62.939763,2.733
43,0.213808,0.808869,1.956741,3.552046,77.895746,2.743
44,0.222906,0.829434,2.025289,4.985328,96.590725,2.753
45,0.232129,0.848129,2.056448,5.85776,109.677211,2.763
46,0.241414,0.864954,2.050216,5.920077,107.184547,2.773
47,0.250824,0.880534,2.019058,5.483861,96.590725,2.783
48,0.260546,0.897982,2.006594,5.172278,87.866402,2.793
49,0.270454,0.915431,1.981668,4.424478,71.040921,2.803
50,0.280549,0.932879,1.944278,3.30278,49.230112,2.813
51,0.290707,0.947835,1.857035,1.246332,11.840153,2.823
52,0.300927,0.960922,1.744865,-1.121699,-29.911967,2.833
53,0.311396,0.975878,1.670085,-2.866563,-64.186095,2.843
54,0.32199,0.990834,1.614,-4.112895,-90.982232,2.853
55,0.332646,1.005167,1.570378,-4.860695,-107.184547,2.863
56,0.343489,1.020746,1.557915,-4.923011,-108.430879,2.873
57,0.354332,1.035079,1.545452,-4.736061,-102.199219,2.883
58,0.365238,1.046919,1.489367,-5.172278,-103.445551,2.893
59,0.376205,1.057513,1.420818,-5.608494,-100.329721,2.903
60,0.387298,1.067483,1.346038,-5.982393,-92.851729,2.913
61,0.39839,1.076831,1.289954,-5.67081,-69.171423,2.923
62,0.409545,1.086178,1.252564,-4.923011,-38.013124,2.933
63,0.420762,1.093656,1.177784,-4.923011,-20.564477,2.943
64,0.432041,1.100511,1.096772,-5.172278,-10.593821,2.953
65,0.443383,1.107366,1.021992,-5.483861,-6.23166,2.963
66,0.454724,1.112351,0.916054,-6.418609,-14.955983,2.973
67,0.46619,1.118583,0.835042,-7.104092,-23.680307,2.983
68,0.477657,1.124191,0.772726,-7.166409,-19.941311,2.993
69,0.489185,1.1298,0.722873,-6.979459,-13.709651,3.003
70,0.500652,1.133539,0.660556,-6.854826,-8.724324,3.013
71,0.512242,1.138524,0.616934,-6.730192,-10.593821,3.023
72,0.523771,1.142263,0.560849,-6.917142,-19.941311,3.033
73,0.5353,1.145379,0.517228,-6.605559,-16.825481,3.043
74,0.546766,1.147249,0.467374,-6.293976,-11.216987,3.053
75,0.558232,1.148495,0.41129,-6.107027,-6.23166,3.063
76,0.569698,1.149741,0.3739,-5.421544,9.970656,3.073
77,0.581227,1.150364,0.317815,-5.172278,19.318145,3.083
78,0.592755,1.150988,0.267961,-5.047644,21.187643,3.093
79,0.604284,1.150988,0.211876,-5.109961,18.694979,3.103
80,0.615813,1.151611,0.180718,-4.798378,20.564477,3.113
81,0.627279,1.150364,0.118402,-4.985328,17.448647,3.123
82,0.638807,1.150364,0.081012,-4.798378,21.187643,3.133
83,0.650336,1.150364,0.049853,-4.673745,19.318145,3.143
84,0.661865,1.150988,0.03739,-4.299845,19.941311,3.153
85,0.673518,1.152857,0.043622,-3.676679,24.303473,3.163
86,0.685109,1.154103,0.043622,-3.30278,21.187643,3.173
87,0.696513,1.152857,0.024927,-2.92888,22.433975,3.183
88,0.708041,1.152857,0.018695,-2.492664,25.549805,3.193
89,0.719445,1.151611,0.006232,-2.056448,30.535133,3.203
90,0.730911,1.150988,-0.006232,-1.869498,29.288801,3.213
91,0.742378,1.150988,0.006232,-1.121699,38.63629,3.223
92,0.753969,1.151611,0.012463,-0.685483,41.128954,3.233
93,0.765497,1.151611,0.012463,-0.3739,42.998452,3.243
94,0.777088,1.152234,0.012463,-0.249266,40.505788,3.253
95,0.788554,1.150364,-0.024927,-0.685483,29.911967,3.263
96,0.800145,1.150364,-0.03739,-0.810116,24.926639,3.273
97,0.811861,1.15348,0.006232,-0.18695,27.419303,3.283
98,0.823452,1.154103,0.012463,-0.062317,24.303473,3.293
99,0.835105,1.156596,0.049853,0.436216,24.926639,3.303
100,0.846696,1.157842,0.068548,0.747799,26.172971,3.313
101,0.858286,1.159089,0.081012,0.747799,18.694979,3.323
102,0.870002,1.160335,0.087243,0.747799,14.332817,3.333
103,0.881718,1.162205,0.105938,0.934749,13.086485,3.343
104,0.893433,1.163451,0.11217,0.997066,12.463319,3.353
105,0.905149,1.165944,0.155791,1.807181,24.926639,3.363
106,0.916802,1.166567,0.162023,1.994131,28.042469,3.373
107,0.928517,1.166567,0.130865,1.246332,14.332817,3.383
108,0.940295,1.168436,0.143328,1.308649,13.709651,3.393
109,0.952135,1.170306,0.137097,0.872432,4.362162,3.403
110,0.964038,1.173422,0.155791,0.872432,1.246332,3.413
111,0.97594,1.176537,0.174486,0.934749,1.869498,3.423
112,0.987593,1.175914,0.155791,0.685483,-0.623166,3.433
113,0.999309,1.175914,0.137097,0.311583,-6.23166,3.443
114,1.010962,1.175291,0.118402,0.062317,-9.34749,3.453
115,1.022553,1.174045,0.081012,-0.747799,-25.549805,3.463
116,1.034082,1.172798,0.062317,-0.997066,-29.911967,3.473
117,1.045299,1.167813,0.012463,-1.184015,-24.303473,3.483
118,1.056204,1.159089,-0.093475,-2.368031,-36.766792,3.493
119,1.066922,1.147872,-0.22434,-3.614363,-44.86795,3.503
120,1.077329,1.132916,-0.405058,-5.608494,-64.809261,3.513
121,1.087487,1.115467,-0.610703,-7.851891,-87.866402,3.523
122,1.097271,1.096772,-0.791421,-9.472123,-101.576053,3.533
123,1.106618,1.073092,-1.028224,-11.653204,-119.647866,3.543
124,1.115592,1.046296,-1.289954,-14.083551,-141.458675,3.553
125,1.124191,1.016384,-1.57661,-16.576215,-158.284156,3.563
126,1.132355,0.982733,-1.900656,-19.629728,-186.326625,3.573
127,1.140269,0.949705,-2.181081,-21.935442,-207.514268,3.583
128,1.147747,0.915431,-2.436579,-23.43104,-210.630098,3.593
129,1.154727,0.878041,-2.698309,-24.739689,-211.253264,3.603
130,1.161394,0.840651,-2.922648,-25.175905,-195.674114,3.613
131,1.167626,0.801391,-3.140756,-25.300538,-174.486472,3.623
132,1.173608,0.763378,-3.333938,-25.425172,-159.530488,3.633
133,1.179155,0.725365,-3.477266,-24.490423,-128.37219,3.643
134,1.184327,0.687352,-3.589436,-22.994824,-89.112734,3.653
135,1.189125,0.649339,-3.670448,-20.938377,-43.621618,3.663
136,1.193612,0.612572,-3.701606,-18.009497,16.202315,3.673
137,1.197787,0.575182,-3.745227,-15.641466,62.939763,3.683
138,1.201713,0.539662,-3.757691,-13.211119,102.199219,3.693
139,1.205452,0.507257,-3.707838,-10.095289,146.444003,3.703
140,1.20888,0.474852,-3.657984,-7.353358,178.225467,3.713
141,1.21212,0.444941,-3.564509,-4.237529,210.630098,3.723
142,1.215111,0.415029,-3.483498,-1.495598,239.295732,3.733
143,1.217978,0.388232,-3.371328,1.059382,255.498048,3.743
144,1.220658,0.363306,-3.240463,3.489729,264.845537,3.753
145,1.223212,0.340872,-3.084672,5.85776,267.961367,3.763
146,1.225581,0.319684,-2.92888,7.727258,257.367545,3.773
147,1.227637,0.298496,-2.766857,9.783706,254.251716,3.783
148,1.229444,0.277309,-2.623529,11.341621,245.527392,3.793
149,1.23094,0.254875,-2.523822,11.840153,219.354421,3.803
150,1.232186,0.233064,-2.417884,12.401003,197.543612,3.813
151,1.233183,0.21063,-2.343104,12.214053,164.515816,3.823
152,1.233869,0.187573,-2.274556,12.08942,135.850181,3.833
153,1.234243,0.162646,-2.255861,11.154671,100.952887,3.843
154,1.234305,0.136473,-2.268324,9.721389,62.316597,3.853
155,1.233993,0.107808,-2.330641,7.540308,16.825481,3.863
156,1.233121,0.075403,-2.442811,4.860695,-28.665635,3.873
157,1.23175,0.041129,-2.573675,1.931815,-78.518912,3.883
158,1.229943,0.004985,-2.723235,-0.997066,-123.386862,3.893
159,1.227762,-0.031781,-2.866563,-3.427413,-152.675663,3.903
160,1.225144,-0.070418,-3.034818,-6.169343,-185.703459,3.913
161,1.222028,-0.111547,-3.221768,-8.78664,-210.006932,3.923
162,1.218414,-0.154545,-3.421181,-11.466254,-235.556737,3.933
163,1.214177,-0.200659,-3.633058,-13.771968,-249.266388,3.943
164,1.209378,-0.249266,-3.857397,-15.890732,-256.121214,3.953
165,1.204019,-0.299743,-4.075505,-17.448647,-249.889554,3.963
166,1.198473,-0.34648,-4.218834,-17.76023,-226.209247,3.973
167,1.192615,-0.391348,-4.324772,-17.510964,-194.427783,3.983
168,1.186383,-0.435593,-4.405783,-16.825481,-158.284156,3.993
169,1.179715,-0.480461,-4.486795,-16.202315,-127.749024,4.003
170,1.172674,-0.524706,-4.54288,-15.080616,-89.112734,4.013
171,1.165383,-0.566458,-4.549112,-13.273435,-44.86795,4.023
172,1.157842,-0.605717,-4.511722,-10.905404,5.608494,4.033
173,1.150115,-0.640615,-4.399552,-7.664941,61.070265,4.043
174,1.142263,-0.67115,-4.218834,-3.614363,122.763696,4.053
175,1.134287,-0.697323,-3.975799,0.997066,184.457127,4.063
176,1.125936,-0.725365,-3.788849,4.299845,220.600753,4.073
177,1.117461,-0.751538,-3.601899,7.228725,247.39689,4.083
178,1.108862,-0.775218,-3.396255,10.095289,269.207699,4.093
179,1.100075,-0.796406,-3.159451,13.273435,294.757504,4.103
180,1.091101,-0.815724,-2.910185,16.326948,314.075649,4.113
181,1.081941,-0.834419,-2.679614,18.694979,319.684142,4.123
182,1.072531,-0.853114,-2.473969,20.377527,312.829317,4.133
183,1.062997,-0.871186,-2.305714,20.938377,286.03318,4.143
184,1.053275,-0.889881,-2.187313,20.315211,239.295732,4.153
185,1.043491,-0.907953,-2.106301,18.694979,176.979135,4.163
186,1.033645,-0.922909,-1.975436,18.13413,138.342845,4.173
187,1.023675,-0.937865,-1.863266,17.386331,101.576053,4.183
188,1.013579,-0.952821,-1.776023,16.202315,61.070265,4.193
189,1.00336,-0.967154,-1.707475,14.519767,12.463319,4.203
190,0.993077,-0.98024,-1.645158,12.650269,-36.766792,4.213
191,0.982795,-0.991457,-1.570378,11.092354,-76.026248,4.223
192,0.97245,-1.000805,-1.476903,9.970656,-104.068717,4.233
193,0.962044,-1.009529,-1.383428,9.222856,-117.155202,4.243
194,0.95145,-1.018253,-1.283722,9.035907,-112.793041,4.253
195,0.940669,-1.028224,-1.20271,9.035907,-96.590725,4.263
196,0.929951,-1.036948,-1.140394,8.350424,-97.837057,4.273
197,0.919045,-1.046296,-1.084309,7.789575,-95.967559,4.283
198,0.907953,-1.056266,-1.034456,7.415675,-87.866402,4.293
199,0.89686,-1.064991,-0.978371,7.291042,-72.287252,4.303
200,0.885643,-1.074338,-0.940981,7.041775,-56.084937,4.313
201,0.87424,-1.085555,-0.940981,6.293976,-47.98378,4.323
202,0.862836,-1.096149,-0.953444,5.234594,-47.360614,4.333
203,0.851245,-1.107989,-0.984602,3.988262,-52.345941,4.343
204,0.839654,-1.11796,-0.997066,2.866563,-61.693431,4.353
205,0.828001,-1.126684,-0.984602,2.181081,-68.548257,4.363
206,0.816285,-1.136655,-0.997066,1.433282,-69.171423,4.373
207,0.80457,-1.144756,-0.984602,0.997066,-67.925091,4.383
208,0.792979,-1.149741,-0.934749,0.997066,-64.186095,4.393
209,0.781325,-1.15535,-0.903591,0.747799,-65.432427,4.403
210,0.769672,-1.159712,-0.853737,0.872432,-61.693431,4.413
211,0.758019,-1.162205,-0.766494,1.744865,-45.491116,4.423
212,0.746366,-1.164697,-0.685483,2.679614,-25.549805,4.433
213,0.734837,-1.164074,-0.560849,4.237529,2.492664,4.443
214,0.723246,-1.164074,-0.461143,5.359227,24.926639,4.453
215,0.71178,-1.162205,-0.355205,6.293976,41.128954,4.463
216,0.700314,-1.159712,-0.230571,7.664941,62.316597,4.473
217,0.688723,-1.158466,-0.137097,8.475057,74.779916,4.483
218,0.677132,-1.158466,-0.087243,8.475057,74.779916,4.493
219,0.665541,-1.157842,-0.024927,8.78664,80.38841,4.503
220,0.654013,-1.156596,0.031158,8.848957,79.765244,4.513
221,0.642609,-1.154103,0.081012,8.475057,67.301925,4.523
222,0.631142,-1.152234,0.124633,8.101158,54.215439,4.533
223,0.619676,-1.151611,0.124633,6.854826,26.172971,4.543
224,0.608335,-1.149118,0.14956,6.107027,7.477992,4.553
225,0.596931,-1.148495,0.137097,4.923011,-13.709651,4.563
226,0.585527,-1.147872,0.118402,3.489729,-41.75212,4.573
227,0.574372,-1.14351,0.14956,2.866563,-56.084937,4.583
228,0.56303,-1.141017,0.174486,2.617297,-58.577601,4.593
229,0.551689,-1.138524,0.193181,2.181081,-66.055593,4.603
230,0.54041,-1.136032,0.205645,1.744865,-71.040921,4.613
231,0.528943,-1.136655,0.174486,0.934749,-75.403082,4.623
232,0.517477,-1.136655,0.155791,0.311583,-77.895746,4.633
233,0.506011,-1.136655,0.14956,0.249266,-66.055593,4.643
234,0.494482,-1.138524,0.105938,-0.436216,-65.432427,4.653
235,0.482954,-1.139771,0.087243,-0.498533,-54.215439,4.663
236,0.471238,-1.142886,0.049853,-0.685483,-41.75212,4.673
237,0.459336,-1.150364,-0.068548,-2.181081,-50.476444,4.683
238,0.44762,-1.154103,-0.130865,-3.053513,-56.708103,4.693
239,0.435967,-1.157219,-0.18695,-3.801312,-59.823933,4.703
240,0.424251,-1.161581,-0.255498,-4.611428,-63.562929,4.713
241,0.412598,-1.163451,-0.267961,-4.424478,-53.592273,4.723
242,0.400883,-1.165944,-0.292888,-4.486795,-47.98378,4.733
243,0.389167,-1.168436,-0.317815,-4.673745,-49.230112,4.743
244,0.377452,-1.170306,-0.317815,-4.237529,-38.013124,4.753
245,0.365736,-1.172175,-0.324046,-4.112895,-36.143626,4.763
246,0.354083,-1.171552,-0.286656,-3.365096,-26.796137,4.773
247,0.34243,-1.169059,-0.18695,-1.184015,9.970656,4.783
248,0.330714,-1.169059,-0.14956,-0.18695,28.665635,4.793
249,0.318999,-1.169683,-0.124633,0.623166,44.244784,4.803
250,0.307221,-1.170306,-0.087243,1.682548,62.939763,4.813
251,0.295443,-1.171552,-0.081012,1.869498,62.939763,4.823
252,0.283727,-1.171552,-0.056085,2.368031,68.548257,4.833
253,0.272074,-1.170929,-0.024927,2.92888,76.026248,4.843
254,0.260546,-1.169059,0.012463,3.30278,75.403082,4.853
255,0.249204,-1.16532,0.068548,3.925946,80.38841,4.863
256,0.238174,-1.159089,0.124633,4.112895,74.779916,4.873
257,0.227393,-1.150364,0.18695,3.738996,49.230112,4.883
258,0.217111,-1.136032,0.330278,4.798378,49.853278,4.893
259,0.207514,-1.114844,0.548386,6.730192,61.070265,4.903
260,0.198291,-1.089294,0.810116,8.97359,72.910418,4.913
261,0.189567,-1.058759,1.12793,12.08942,102.199219,4.923
262,0.181404,-1.023239,1.483135,15.392199,130.241688,4.933
263,0.173801,-0.982733,1.881961,19.068879,161.399986,4.943
264,0.166635,-0.939111,2.299482,22.870191,195.674114,4.953
265,0.159655,-0.895489,2.698309,26.297604,223.716583,4.963
266,0.152987,-0.851868,3.072208,29.47575,253.62855,4.973
267,0.146756,-0.806377,3.439876,32.529264,287.902678,4.983
268,0.140649,-0.764625,3.714069,33.837912,290.395342,4.993
269,0.134542,-0.729727,3.851166,33.027796,262.976039,5.003
270,0.128808,-0.69483,3.944641,31.345248,223.716583,5.013
271,0.123325,-0.662425,3.963336,28.354052,162.646318,5.023
272,0.118028,-0.63376,3.894787,24.116523,87.243236,5.033
273,0.112918,-0.608833,3.738996,18.570346,-4.985328,5.043
274,0.108057,-0.585776,3.533351,12.338686,-105.315049,5.053
275,0.10357,-0.560849,3.346401,6.480926,-198.166778,5.063
276,0.099333,-0.536546,3.15322,0.810116,-286.656346,5.073
277,0.095282,-0.514735,2.916417,-5.234594,-377.638578,5.083
278,0.091231,-0.494171,2.70454,-10.095289,-439.332009,5.093
279,0.087181,-0.473606,2.561212,-12.899536,-459.27332,5.103
280,0.08313,-0.456781,2.380494,-15.641466,-469.867141,5.113
281,0.079017,-0.443071,2.193544,-17.697914,-460.519652,5.123
282,0.074905,-0.431231,2.025289,-18.694979,-428.115021,5.133
283,0.070729,-0.421883,1.869498,-18.694979,-372.65325,5.143
284,0.066554,-0.415029,1.707475,-18.258763,-305.974491,5.153
285,0.062379,-0.411913,1.489367,-18.570346,-250.51272,5.163
286,0.058204,-0.41129,1.252564,-19.006562,-198.166778,5.173
287,0.054028,-0.412536,1.021992,-18.944245,-137.096513,5.183
288,0.050165,-0.410666,0.835042,-18.694979,-85.996904,5.193
289,0.046613,-0.405681,0.679251,-18.819612,-59.200767,5.203
290,0.04331,-0.398203,0.585776,-17.94718,-23.057141,5.213
291,0.040257,-0.387609,0.554618,-16.389265,13.086485,5.223
292,0.037515,-0.3739,0.573313,-14.519767,41.75212,5.233
293,0.035084,-0.356451,0.654324,-12.151736,65.432427,5.243
294,0.032965,-0.335886,0.791421,-9.16054,90.982232,5.253
295,0.031034,-0.313452,0.984602,-5.047644,135.227015,5.263
296,0.029351,-0.288526,1.227637,-0.249266,187.572957,5.273
297,0.027918,-0.261107,1.514293,4.923011,238.672566,5.283
298,0.026672,-0.234934,1.757328,9.222856,279.178354,5.293
299,0.025425,-0.211876,1.938046,12.587953,314.075649,5.303
300,0.024241,-0.190689,2.075143,14.893667,328.408466,5.313
301,0.023244,-0.170124,2.174849,16.202315,325.915802,5.323
302,0.022309,-0.152052,2.218471,16.451582,309.713487,5.333
303,0.021437,-0.136473,2.199776,15.454516,276.062525,5.343
304,0.020564,-0.12401,2.118764,13.273435,224.339749,5.353
305,0.019879,-0.111547,2.019058,10.344555,153.921995,5.363
306,0.019194,-0.101576,1.869498,6.418609,66.678759,5.373
307,0.018633,-0.092852,1.682548,1.682548,-32.40463,5.383
,,,,,,
1,0.001246,0,0,0,0,0.203
2,0.002368,0.011217,0,0,0,0.213
3,0.003801,0.02555,0.143328,0,0,0.223
4,0.005546,0.042998,0.317815,1.744865,0,0.233
5,0.00754,0.06294,0.517228,3.738996,19.941311,0.243
6,0.009908,0.08662,0.754031,6.107027,43.621618,0.253
7,0.012713,0.114663,1.034456,8.911273,71.664087,0.263
8,0.015953,0.147067,1.358502,12.151736,104.068717,0.273
9,0.019567,0.183211,1.719938,15.766099,140.212343,0.283
10,0.023369,0.221224,2.100069,19.567411,178.225467,0.293
11,0.027232,0.25986,2.486432,23.43104,216.861757,0.303
12,0.031221,0.288526,2.773089,26.297604,245.527392,0.313
13,0.035396,0.315945,2.903953,27.606252,258.613877,0.323
14,0.03982,0.342741,2.997428,26.796137,250.51272,0.333
15,0.044494,0.369537,3.065977,25.487488,217.484923,0.343
16,0.049417,0.395087,3.084672,23.306407,171.993808,0.353
17,0.054527,0.418144,3.034818,20.003628,110.923543,0.363
18,0.059824,0.438709,2.916417,15.579149,34.274128,0.373
19,0.065245,0.456781,2.735699,10.157605,-56.084937,0.383
20,0.070854,0.474852,2.536285,4.362162,-152.052497,0.393
21,0.076587,0.493547,2.336872,-1.495598,-249.266388,0.403
22,0.082383,0.511619,2.230934,-5.421544,-317.191479,0.413
23,0.088303,0.529068,2.131228,-7.727258,-353.335105,0.423
24,0.094285,0.544647,2.019058,-9.783706,-365.798424,0.433
25,0.100454,0.559603,1.900656,-11.653204,-371.406918,0.443
26,0.106561,0.571443,1.76356,-13.211119,-365.175258,0.453
27,0.112793,0.58266,1.645158,-13.896601,-339.002288,0.463
28,0.119149,0.593254,1.545452,-13.709651,-292.888006,0.473
29,0.125568,0.603225,1.46444,-12.712586,-228.701911,0.483
30,0.132174,0.613195,1.383428,-11.52857,-158.907322,0.493
31,0.138966,0.623789,1.302417,-10.344555,-88.489568,0.503
32,0.14607,0.636876,1.252564,-9.783706,-43.621618,0.513
33,0.153361,0.650585,1.215174,-9.16054,-14.332817,0.523
34,0.160839,0.665541,1.208942,-8.101158,16.825481,0.533
35,0.168629,0.681744,1.221405,-6.792509,48.606946,0.543
36,0.17673,0.701685,1.302417,-4.611428,85.996904,0.553
37,0.184956,0.721626,1.38966,-2.55498,113.416206,0.563
38,0.193368,0.742191,1.489367,-0.560849,131.48802,0.573
39,0.202093,0.765248,1.620232,1.557915,142.705007,0.583
40,0.210879,0.787059,1.738633,3.552046,150.806165,0.593
41,0.219915,0.809493,1.857035,5.546177,158.907322,0.603
42,0.229076,0.830057,1.931815,6.792509,165.762148,0.613
43,0.238486,0.851245,2.006594,7.914208,170.747476,0.623
44,0.248082,0.872432,2.068911,8.59969,167.00848,0.633
45,0.257741,0.891127,2.093838,8.724324,155.168326,0.643
46,0.267587,0.908576,2.068911,7.664941,122.763696,0.653
47,0.277558,0.926025,2.043984,6.543243,90.982232,0.663
48,0.287653,0.94285,2.006594,5.172278,57.331269,0.673
49,0.297873,0.957806,1.925583,3.053513,14.955983,0.683
50,0.30828,0.974008,1.869498,1.308649,-22.433975,0.693
51,0.318812,0.988964,1.794718,-0.623166,-61.693431,0.703
52,0.329468,1.00392,1.738633,-1.931815,-87.243236,0.713
53,0.340186,1.017007,1.657621,-3.489729,-114.039372,0.723
54,0.351029,1.02947,1.570378,-4.985328,-135.850181,0.733
55,0.361872,1.04131,1.50183,-5.920077,-146.444003,0.743
56,0.372716,1.051281,1.42705,-6.418609,-140.835509,0.753
57,0.38387,1.063121,1.370965,-6.730192,-132.734352,0.763
58,0.395087,1.074338,1.31488,-6.917142,-120.894198,0.773
59,0.406304,1.084309,1.265027,-6.605559,-96.590725,0.783
60,0.417646,1.093656,1.196479,-6.730192,-80.38841,0.793
61,0.42905,1.102381,1.134162,-6.605559,-59.823933,0.803
62,0.440578,1.111105,1.071845,-6.667876,-47.360614,0.813
63,0.452107,1.119206,1.021992,-6.356293,-28.665635,0.823
64,0.463698,1.126684,0.972139,-5.982393,-9.970656,0.833
65,0.475351,1.134785,0.934749,-5.67081,2.492664,0.843
66,0.487067,1.14351,0.922286,-5.047644,13.709651,0.853
67,0.498595,1.147249,0.841274,-5.296911,14.332817,0.863
68,0.510186,1.150988,0.766494,-5.483861,14.332817,0.873
69,0.521715,1.154103,0.697946,-5.67081,9.34749,0.883
70,0.533243,1.155973,0.623166,-5.733127,9.970656,0.893
71,0.544772,1.157219,0.548386,-5.85776,7.477992,0.903
72,0.556238,1.156596,0.454911,-6.169343,4.985328,0.913
73,0.567767,1.156596,0.3739,-6.480926,-1.246332,0.923
74,0.579233,1.15535,0.286656,-6.854826,-8.724324,0.933
75,0.590637,1.152857,0.180718,-7.540308,-18.694979,0.943
76,0.602041,1.149741,0.062317,-8.59969,-35.52046,0.953
77,0.613569,1.149741,0.024927,-8.163474,-28.665635,0.963
78,0.625035,1.148495,-0.024927,-7.914208,-24.303473,0.973
79,0.636626,1.149118,-0.049853,-7.477992,-18.071813,0.983
80,0.648155,1.149118,-0.068548,-6.917142,-11.840153,0.993
81,0.659497,1.147249,-0.099707,-6.480926,-6.23166,1.003
82,0.6709,1.146625,-0.099707,-5.546177,6.23166,1.013
83,0.682304,1.145379,-0.11217,-4.860695,16.202315,1.023
84,0.693708,1.144756,-0.105938,-3.925946,29.288801,1.033
85,0.705175,1.145379,-0.07478,-2.55498,49.853278,1.043
86,0.716703,1.146625,-0.031158,-0.934749,76.649414,1.053
87,0.728169,1.146002,-0.03739,-0.623166,75.403082,1.063
88,0.739698,1.146625,-0.018695,0.062317,79.765244,1.073
89,0.751164,1.145379,-0.03739,0.124633,76.026248,1.083
90,0.762631,1.144756,-0.043622,0.249266,71.664087,1.093
91,0.774284,1.147872,0.006232,1.059382,75.403082,1.103
92,0.785875,1.149741,0.031158,1.308649,68.548257,1.113
93,0.797465,1.151611,0.062317,1.744865,66.055593,1.123
94,0.809056,1.15348,0.087243,1.931815,58.577601,1.133
95,0.82071,1.15535,0.099707,1.744865,42.998452,1.143
96,0.832425,1.157219,0.105938,1.370965,23.057141,1.153
97,0.844141,1.159712,0.137097,1.744865,23.680307,1.163
98,0.855856,1.161581,0.14956,1.682548,16.202315,1.173
99,0.867634,1.164697,0.193181,2.305714,21.810809,1.183
100,0.879412,1.167813,0.230571,2.74193,24.926639,1.193
101,0.89119,1.169059,0.211876,2.056448,9.970656,1.203
102,0.902967,1.170929,0.211876,1.807181,4.985328,1.213
103,0.914683,1.172175,0.205645,1.433282,-3.11583,1.223
104,0.926399,1.173422,0.199413,1.121699,-8.101158,1.233
105,0.938114,1.174045,0.18695,0.872432,-8.724324,1.243
106,0.949767,1.173422,0.162023,0.560849,-8.101158,1.253
107,0.96142,1.172798,0.130865,-0.062317,-18.071813,1.263
108,0.973011,1.171552,0.099707,-0.498533,-21.810809,1.273
109,0.98454,1.169059,0.043622,-1.495598,-38.013124,1.283
110,0.996131,1.16719,-0.006232,-2.368031,-51.09961,1.293
111,1.007659,1.164697,-0.043622,-2.55498,-46.114282,1.303
112,1.019188,1.162205,-0.087243,-2.991197,-47.98378,1.313
113,1.030841,1.161581,-0.105938,-3.11583,-45.491116,1.323
114,1.04237,1.159712,-0.137097,-3.365096,-44.86795,1.333
115,1.053711,1.155973,-0.180718,-3.676679,-45.491116,1.343
116,1.064804,1.150364,-0.230571,-3.925946,-44.86795,1.353
117,1.075522,1.141017,-0.317815,-4.486795,-44.244784,1.363
118,1.085991,1.1298,-0.417521,-5.172278,-46.737448,1.373
119,1.096087,1.115467,-0.535923,-5.795444,-42.998452,1.383
120,1.105683,1.095526,-0.716641,-7.104092,-47.360614,1.393
121,1.114906,1.072469,-0.922286,-8.78664,-62.316597,1.403
122,1.123693,1.045049,-1.171552,-10.843088,-78.518912,1.413
123,1.131919,1.010775,-1.508062,-14.021234,-109.054045,1.423
124,1.139833,0.974632,-1.850803,-17.137064,-137.719679,1.433
125,1.147311,0.935995,-2.199776,-20.190577,-165.138982,1.443
126,1.154415,0.896113,-2.542517,-23.119457,-191.935119,1.453
127,1.161207,0.856853,-2.841637,-25.238222,-207.514268,1.463
128,1.167564,0.815724,-3.140756,-27.232353,-220.600753,1.473
129,1.173608,0.775218,-3.402486,-28.665635,-228.701911,1.483
130,1.179404,0.737205,-3.583204,-28.665635,-215.615426,1.493
131,1.184825,0.699192,-3.732764,-28.104785,-193.181451,1.503
132,1.189873,0.661802,-3.832471,-26.609187,-157.66099,1.513
133,1.194609,0.626905,-3.838702,-23.306407,-92.851729,1.523
134,1.199034,0.592008,-3.826239,-19.754361,-26.172971,1.533
135,1.203209,0.55898,-3.770154,-15.703782,44.86795,1.543
136,1.207135,0.527198,-3.689143,-11.466254,116.532036,1.553
137,1.210811,0.49604,-3.608131,-7.664941,175.732803,1.563
138,1.214301,0.467374,-3.483498,-3.427413,238.0494,1.573
139,1.217604,0.439955,-3.352633,0.498533,291.641674,1.583
140,1.220658,0.412536,-3.246695,3.365096,320.307308,1.593
141,1.223586,0.387609,-3.11583,6.169343,342.741283,1.603
142,1.226266,0.363929,-2.978733,8.537374,351.465607,1.613
143,1.228759,0.341495,-2.8541,9.846022,331.524296,1.623
144,1.231002,0.319684,-2.723235,11.030038,307.843989,1.633
145,1.232996,0.297873,-2.611065,11.590887,272.946695,1.643
146,1.234679,0.275439,-2.517591,11.71552,231.817741,1.653
147,1.236112,0.253005,-2.430347,11.777837,194.427783,1.663
148,1.237296,0.229948,-2.374262,11.092354,145.197671,1.673
149,1.238168,0.205645,-2.343104,10.095289,95.967559,1.683
150,1.238729,0.180718,-2.318177,9.285173,59.200767,1.693
151,1.238792,0.152052,-2.355567,7.602625,14.332817,1.703
152,1.23848,0.122141,-2.417884,5.608494,-29.288801,1.713
153,1.237608,0.08849,-2.530054,3.240463,-66.055593,1.723
154,1.236237,0.052346,-2.673382,0.498533,-105.315049,1.733
155,1.234305,0.013086,-2.847868,-2.368031,-139.589177,1.743
156,1.231874,-0.028042,-3.034818,-5.172278,-168.877978,1.753
157,1.228946,-0.071664,-3.246695,-8.163474,-199.41311,1.763
158,1.225394,-0.119025,-3.489729,-11.154671,-222.470251,1.773
159,1.221281,-0.168878,-3.745227,-14.021234,-241.16523,1.783
160,1.216607,-0.221224,-4.019421,-17.012431,-262.976039,1.793
161,1.211497,-0.272947,-4.249992,-18.944245,-265.468703,1.803
162,1.206013,-0.324669,-4.4681,-20.50216,-261.106541,1.813
163,1.200218,-0.3739,-4.623891,-20.938377,-241.788396,1.823
164,1.194048,-0.421883,-4.742293,-20.68911,-211.87643,1.833
165,1.187505,-0.467998,-4.810841,-19.629728,-172.616974,1.843
166,1.18065,-0.512242,-4.842,-18.071813,-128.995356,1.853
167,1.173484,-0.554618,-4.829536,-15.828416,-76.649414,1.863
168,1.16613,-0.592631,-4.736061,-12.463319,-13.086485,1.873
169,1.158528,-0.627528,-4.586502,-8.412741,56.084937,1.883
170,1.150676,-0.65931,-4.380857,-3.614363,133.980683,1.893
171,1.142637,-0.688598,-4.156517,0.934749,198.789944,1.903
172,1.134349,-0.716641,-3.919714,5.483861,259.860209,1.913
173,1.125812,-0.74406,-3.701606,9.222856,301.612329,1.923
174,1.117212,-0.768364,-3.464803,12.774902,334.640126,1.933
175,1.108612,-0.788928,-3.209305,16.015365,356.450935,1.943
176,1.099763,-0.808869,-2.96627,18.757296,368.291088,1.953
177,1.090665,-0.828188,-2.735699,20.938377,367.667922,1.963
178,1.08138,-0.847506,-2.548749,21.873126,343.364449,1.973
179,1.07197,-0.865578,-2.380494,22.060075,304.728159,1.983
180,1.062498,-0.88178,-2.224703,21.561543,251.759052,1.993
181,1.052964,-0.896736,-2.081374,20.751427,198.166778,2.003
182,1.04318,-0.911692,-1.950509,19.692045,142.081841,2.013
183,1.033147,-0.926648,-1.825876,18.757296,95.344393,2.023
184,1.022927,-0.94285,-1.744865,17.199381,44.244784,2.033
185,1.01252,-0.960922,-1.719938,14.893667,-11.216987,2.043
186,1.002113,-0.976501,-1.676316,12.899536,-58.577601,2.053
187,0.991706,-0.989588,-1.614,11.216987,-97.213891,2.063
188,0.981299,-1.000805,-1.532988,10.157605,-117.155202,2.073
189,0.970768,-1.012022,-1.46444,9.16054,-128.995356,2.083
190,0.960112,-1.023862,-1.420818,8.038841,-135.227015,2.093
191,0.949456,-1.035079,-1.383428,6.979459,-137.719679,2.103
192,0.938613,-1.045672,-1.339807,6.107027,-135.850181,2.113
193,0.927832,-1.05315,-1.265027,5.608494,-131.48802,2.123
194,0.916864,-1.060628,-1.177784,5.67081,-115.285704,2.133
195,0.905834,-1.06686,-1.059382,6.605559,-82.881074,2.143
196,0.894804,-1.073092,-0.965907,7.104092,-57.954435,2.153
197,0.883649,-1.08057,-0.909822,7.041775,-41.75212,2.163
198,0.87237,-1.089294,-0.884896,6.480926,-36.766792,2.173
199,0.861028,-1.097395,-0.853737,6.107027,-30.535133,2.183
200,0.849624,-1.104873,-0.810116,6.107027,-19.318145,2.193
201,0.838034,-1.114221,-0.791421,5.920077,-10.593821,2.203
202,0.826505,-1.121076,-0.754031,5.85776,-2.492664,2.213
203,0.814852,-1.1298,-0.766494,4.985328,-6.23166,2.223
204,0.803199,-1.136655,-0.760262,4.175212,-14.955983,2.233
205,0.791608,-1.142263,-0.754031,3.053513,-35.52046,2.243
206,0.779955,-1.148495,-0.754031,2.118764,-49.853278,2.253
207,0.768364,-1.152857,-0.722873,1.869498,-51.722775,2.263
208,0.75671,-1.156596,-0.673019,2.118764,-43.621618,2.273
209,0.74512,-1.159089,-0.616934,2.368031,-37.389958,2.283
210,0.733591,-1.160335,-0.554618,2.55498,-35.52046,2.293
211,0.722125,-1.159089,-0.448679,3.427413,-24.926639,2.303
212,0.710721,-1.157842,-0.367668,3.863629,-19.941311,2.313
213,0.699504,-1.15348,-0.236803,5.296911,3.11583,2.323
214,0.688224,-1.149741,-0.130865,6.293976,21.187643,2.333
215,0.676883,-1.147249,-0.049853,7.041775,39.882622,2.343
216,0.665604,-1.14351,0.049853,8.038841,59.200767,2.353
217,0.654137,-1.142263,0.105938,8.288107,64.186095,2.363
218,0.642671,-1.140394,0.162023,8.350424,62.316597,2.373
219,0.631205,-1.139147,0.199413,8.163474,57.954435,2.383
220,0.619801,-1.137901,0.22434,7.789575,52.345941,2.393
221,0.608459,-1.136655,0.22434,6.730192,33.027796,2.403
222,0.59718,-1.135408,0.22434,5.920077,20.564477,2.413
223,0.585776,-1.137278,0.162023,3.988262,-13.086485,2.423
224,0.574434,-1.137901,0.118402,2.492664,-38.013124,2.433
225,0.563093,-1.137901,0.093475,1.433282,-56.084937,2.443
226,0.551751,-1.138524,0.049853,0,-80.38841,2.453
227,0.540596,-1.135408,0.068548,-0.3739,-86.62007,2.463
228,0.529442,-1.132293,0.081012,-0.810116,-91.605398,2.473
229,0.518225,-1.1298,0.093475,-1.059382,-92.228564,2.483
230,0.506946,-1.128554,0.093475,-1.308649,-90.982232,2.493
231,0.495417,-1.130423,0.062317,-1.620232,-83.50424,2.503
232,0.483826,-1.133539,0.018695,-2.056448,-79.765244,2.513
233,0.472235,-1.135408,0.018695,-1.433282,-54.215439,2.523
234,0.460644,-1.137901,0,-1.184015,-36.766792,2.533
235,0.448991,-1.141017,-0.031158,-1.246332,-26.796137,2.543
236,0.437213,-1.145379,-0.068548,-1.184015,-11.840153,2.553
237,0.425311,-1.152857,-0.174486,-2.430347,-20.564477,2.563
238,0.413408,-1.160335,-0.280425,-3.614363,-28.042469,2.573
239,0.401568,-1.166567,-0.367668,-4.611428,-35.52046,2.583
240,0.389666,-1.172798,-0.442448,-5.359227,-40.505788,2.593
241,0.377826,-1.175914,-0.454911,-5.172278,-35.52046,2.603
242,0.365923,-1.17903,-0.454911,-4.736061,-26.796137,2.613
243,0.354083,-1.181523,-0.461143,-4.798378,-33.650962,2.623
244,0.342305,-1.183392,-0.454911,-4.549112,-33.650962,2.633
245,0.330527,-1.184639,-0.436216,-4.050579,-28.042469,2.643
246,0.318812,-1.184015,-0.386363,-3.178146,-19.941311,2.653
247,0.307034,-1.182769,-0.29912,-1.246332,11.840153,2.663
248,0.295318,-1.1809,-0.205645,0.747799,43.621618,2.673
249,0.283603,-1.179653,-0.130865,2.368031,69.794589,2.683
250,0.272012,-1.176537,-0.03739,4.050579,94.098061,2.693
251,0.260483,-1.173422,0.024927,4.798378,99.706555,2.703
252,0.249142,-1.167813,0.11217,5.67081,104.068717,2.713
253,0.2378,-1.162828,0.18695,6.480926,112.793041,2.723
254,0.226583,-1.157219,0.26173,7.166409,117.155202,2.733
255,0.215615,-1.149118,0.355205,7.914208,119.647866,2.743
256,0.20471,-1.141017,0.429985,8.163474,113.416206,2.753
257,0.194179,-1.128554,0.542154,8.412741,96.590725,2.763
258,0.183834,-1.114844,0.660556,8.662007,79.142078,2.773
259,0.173801,-1.098018,0.816347,9.472123,71.040921,2.783
260,0.164017,-1.079947,0.965907,10.032972,59.823933,2.793
261,0.15467,-1.058136,1.152857,11.279304,64.809261,2.803
262,0.145759,-1.033832,1.339807,12.27637,66.055593,2.813
263,0.137221,-1.00579,1.570378,13.834285,73.533584,2.823
264,0.128933,-0.976501,1.807181,15.454516,82.881074,2.833
265,0.120832,-0.947835,2.012826,16.576215,86.62007,2.843
266,0.113105,-0.916054,2.249629,18.196446,100.329721,2.853
267,0.105751,-0.884273,2.442811,19.006562,105.938215,2.863
268,0.098523,-0.853114,2.617297,19.567411,109.054045,2.873
269,0.091543,-0.822579,2.754394,19.380462,99.083389,2.883
270,0.084875,-0.791421,2.885258,19.193512,91.605398,2.893
271,0.078394,-0.762755,2.953807,18.009497,67.301925,2.903
272,0.072038,-0.737205,2.96627,16.264632,39.882622,2.913
273,0.065993,-0.712279,2.935112,13.647335,-1.869498,2.923
274,0.060322,-0.686106,2.903953,10.967721,-44.86795,2.933
275,0.054963,-0.658686,2.89149,8.78664,-77.895746,2.943
276,0.049978,-0.631267,2.847868,5.982393,-122.14053,2.953
277,0.045242,-0.605094,2.791784,3.489729,-155.168326,2.963
278,0.041004,-0.575182,2.77932,1.620232,-179.471799,2.973
279,0.037078,-0.544647,2.77932,0.249266,-191.311953,2.983
280,0.033339,-0.515358,2.760625,-1.246332,-204.398438,2.993
281,0.029725,-0.486693,2.760625,-1.931815,-199.41311,3.003
282,0.026235,-0.458027,2.791784,-1.744865,-180.094965,3.013
283,0.02287,-0.431231,2.810479,-1.246332,-148.936667,3.023
284,0.019505,-0.408174,2.77932,-1.246332,-122.14053,3.033
285,0.016265,-0.386986,2.717004,-1.744865,-105.315049,3.043
286,0.013024,-0.369537,2.617297,-2.305714,-82.881074,3.053
287,0.009908,-0.353335,2.517591,-2.74193,-62.316597,3.063
288,0.006917,-0.340872,2.343104,-4.362162,-59.823933,3.073
289,0.004175,-0.329032,2.156154,-6.23166,-64.809261,3.083
290,0.001745,-0.315945,1.994131,-7.664941,-64.186095,3.093
291,-0.000312,-0.300366,1.863266,-8.97359,-70.417755,3.103
292,-0.001932,-0.281671,1.76356,-10.282239,-85.373738,3.113
293,-0.003116,-0.25986,1.713706,-10.967721,-97.213891,3.123
294,-0.003801,-0.233064,1.751096,-10.282239,-90.359066,3.133
295,-0.004051,-0.203152,1.83834,-8.78664,-70.417755,3.143
296,-0.003926,-0.169501,2.000363,-6.169343,-38.63629,3.153
297,-0.003614,-0.135227,2.181081,-3.365096,-6.23166,3.163
298,-0.003116,-0.10033,2.405421,0.623166,49.853278,3.173
299,-0.002617,-0.067925,2.611065,4.549112,107.807713,3.183
300,-0.002119,-0.038636,2.773089,7.789575,154.54516,3.193
301,-0.001683,-0.01371,2.866563,10.032972,190.065621,3.203
302,-0.001371,0.005608,2.872795,11.092354,213.745928,3.213
303,-0.001184,0.019318,2.791784,10.780771,217.484923,3.223
304,-0.001184,0.026173,2.59237,8.412741,186.949791,3.233
305,-0.001309,0.027419,2.305714,4.673745,134.603849,3.243
306,-0.001496,0.024303,1.938046,-0.623166,55.461771,3.253
307,-0.001683,0.019318,1.545452,-6.356293,-29.911967,3.263
308,-0.001807,0.013086,1.134162,-12.712586,-133.357518,3.273
309,-0.001932,0.006855,0.747799,-18.632662,-231.817741,3.283
310,-0.001994,0.001246,0.398826,-23.742623,-315.321981,3.293
311,-0.001994,-0.003116,0.105938,-27.606252,-376.392246,3.303
312,-0.001932,-0.005608,-0.11217,-29.84965,-409.420042,3.313
313,-0.001807,-0.006232,-0.255498,-30.472816,-412.535872,3.323
314,-0.00162,-0.004362,-0.305351,-28.977218,-373.899582,3.333
315,-0.001371,-0.000623,-0.280425,-25.861388,-305.351325,3.343
316,-0.001122,0.003739,-0.205645,-21.436909,-208.137434,3.353
317,-0.00081,0.008724,-0.105938,-16.513898,-101.576053,3.363
318,-0.000499,0.013086,0,-11.341621,13.709651,3.373
319,-0.000187,0.017449,0.105938,-6.418609,122.14053,3.383
320,0.000125,0.021188,0.199413,-1.994131,217.484923,3.393
321,0.000499,0.024927,0.280425,1.744865,293.511172,3.403
322,0.000935,0.028666,0.342741,4.549112,343.987615,3.413
323,0.001371,0.031781,0.380131,6.356293,368.291088,3.423
324,0.001807,0.034274,0.386363,6.917142,358.943599,3.433
325,0.002243,0.036144,0.367668,6.480926,323.423138,3.443
326,0.002742,0.038636,0.348973,5.546177,269.830865,3.453
327,0.00324,0.040506,0.317815,4.237529,207.514268,3.463
328,0.003739,0.042375,0.292888,2.92888,142.705007,3.473
329,0.004238,0.044245,0.267961,1.620232,80.38841,3.483
330,0.004736,0.046114,0.249266,0.498533,24.926639,3.493
331,0.005172,0.046737,0.218108,-0.623166,-23.680307,3.503
332,0.005608,0.046737,0.180718,-1.620232,-61.693431,3.513
333,0.005982,0.046114,0.143328,-2.368031,-87.243236,3.523
334,0.006356,0.045491,0.11217,-2.74193,-96.590725,3.533
335,0.006668,0.044245,0.081012,-2.866563,-93.474895,3.543
336,0.006855,0.041129,0.024927,-3.240463,-87.866402,3.553
337,0.006979,0.03739,-0.031158,-3.489729,-77.27258,3.563
338,0.007042,0.033028,-0.093475,-3.863629,-67.925091,3.573
,,,,,,
318,0.03309,-0.036767,0.024927,0,-4.985328,13.793
319,0.029413,-0.073534,-0.342741,-3.676679,-4.985328,13.803
320,0.025737,-0.1103,-0.710409,-7.353358,-42.998452,13.813
321,0.02206,-0.147067,-1.078077,-11.030038,-79.765244,13.823
322,0.018383,-0.183834,-1.445745,-14.706717,-116.532036,13.833
323,0.014707,-0.220601,-1.813413,-18.383396,-153.298829,13.843
324,0.01103,-0.257368,-2.181081,-22.060075,-190.065621,13.853
325,0.007478,-0.292888,-2.542517,-25.674438,-226.209247,13.863
326,0.004175,-0.325916,-2.879027,-29.039534,-259.237043,13.873
327,0.001184,-0.355828,-3.184378,-32.093047,-287.902678,13.883
328,0.002243,-0.308467,-2.717004,-27.419303,-239.295732,13.893
329,0.003739,-0.256744,-1.832108,-14.893667,-112.169875,13.903
330,0.005546,-0.201906,-0.916054,-2.056448,52.969107,13.913
331,0.00779,-0.142705,0.043622,11.216987,222.470251,13.923
332,0.010345,-0.080388,1.034456,24.802006,395.087225,13.933
333,0.013336,-0.01371,2.068911,38.82324,572.06636,13.943
334,0.016701,0.056708,3.140756,53.218374,752.784491,13.953
335,0.020378,0.128995,4.218834,67.613508,932.879457,13.963
336,0.024179,0.200036,5.259521,81.385476,1104.250098,13.973
337,0.028105,0.269208,6.250355,94.347328,1264.403753,13.983
338,0.032093,0.298496,6.069637,87.866402,1152.857044,13.993
339,0.036206,0.324669,5.814138,76.462464,913.561312,14.003
340,0.040506,0.349596,5.515019,64.310728,663.671758,14.013
341,0.045055,0.372653,5.153583,51.09961,398.826221,14.023
342,0.049791,0.394464,4.748525,37.140692,123.386862,14.033
343,0.054776,0.414405,4.28115,22.122392,-167.00848,14.043
344,0.059949,0.432477,3.757691,6.169343,-470.490307,14.053
345,0.065308,0.449303,3.203073,-10.157605,-777.71113,14.063
346,0.070792,0.466128,2.660919,-25.986021,-1073.714966,14.073
347,0.076462,0.483577,2.143691,-41.066637,-1354.139652,14.083
348,0.08232,0.502272,2.037753,-40.318838,-1281.8524,14.093
349,0.08824,0.520344,1.956741,-38.573974,-1150.36438,14.103
350,0.094347,0.538415,1.888193,-36.268259,-1005.789875,14.113
351,0.100392,0.553371,1.807181,-33.464013,-845.636221,14.123
352,0.106561,0.567704,1.732401,-30.161233,-673.019247,14.133
353,0.112606,0.578298,1.638927,-26.422237,-485.44629,14.143
354,0.118775,0.588269,1.557915,-21.997759,-281.671018,14.153
355,0.124945,0.59637,1.470672,-17.324014,-71.664087,14.163
356,0.131301,0.605094,1.38966,-12.712586,132.734352,14.173
357,0.137844,0.613818,1.302417,-8.412741,326.538968,14.183
358,0.144575,0.622543,1.20271,-8.350424,319.684142,14.193
359,0.151554,0.633137,1.12793,-8.288107,302.858661,14.203
360,0.158783,0.644354,1.059382,-8.288107,279.80152,14.213
361,0.166198,0.658063,1.046919,-7.602625,258.613877,14.223
362,0.173926,0.673642,1.059382,-6.730192,234.310405,14.233
363,0.182027,0.694207,1.159089,-4.798378,216.238591,14.243
364,0.190315,0.715395,1.271259,-2.866563,191.311953,14.253
365,0.199039,0.740944,1.445745,-0.249266,170.747476,14.263
366,0.20795,0.766494,1.614,2.243397,149.559833,14.273
367,0.217111,0.792667,1.788486,4.860695,132.734352,14.283
368,0.226396,0.818217,1.956741,7.540308,158.907322,14.293
369,0.235744,0.841897,2.087606,9.596756,178.848633,14.303
370,0.245153,0.863708,2.193544,11.341621,196.29728,14.313
371,0.254813,0.886142,2.280787,12.338686,199.41311,14.323
372,0.264472,0.90546,2.318177,12.587953,193.181451,14.333
373,0.274193,0.921662,2.274556,11.154671,159.530488,14.343
374,0.284101,0.937865,2.224703,9.534439,124.010028,14.353
375,0.293947,0.949082,2.081374,6.356293,66.055593,14.363
376,0.304043,0.960922,1.944278,3.30278,10.593821,14.373
377,0.3142,0.970893,1.782255,-0.062317,-49.230112,14.383
378,0.324545,0.981486,1.632695,-3.240463,-107.807713,14.393
379,0.335139,0.99395,1.520525,-5.67081,-152.675663,14.403
380,0.345857,1.007036,1.433282,-7.602625,-189.442455,14.413
381,0.356638,1.018253,1.321112,-9.596756,-219.354421,14.423
382,0.36773,1.032586,1.271259,-10.469188,-230.571409,14.433
383,0.37901,1.048165,1.265027,-10.095289,-212.499596,14.443
384,0.390289,1.061875,1.2401,-9.846022,-193.804617,14.453
385,0.401817,1.0787,1.296185,-7.851891,-142.081841,14.463
386,0.413408,1.093656,1.327344,-6.169343,-94.721227,14.473
387,0.424999,1.107989,1.370965,-4.112895,-40.505788,14.483
388,0.436652,1.121076,1.395892,-2.368031,8.724324,14.493
389,0.448181,1.130423,1.364733,-1.557915,41.128954,14.503
390,0.459772,1.139147,1.321112,-1.121699,64.809261,14.513
391,0.471425,1.147872,1.296185,-0.249266,93.474895,14.523
392,0.483016,1.152857,1.20271,-0.685483,97.837057,14.533
393,0.494607,1.155973,1.078077,-1.869498,82.257908,14.543
394,0.506322,1.160335,0.984602,-2.55498,72.910418,14.553
395,0.517976,1.161581,0.828811,-4.673745,31.781464,14.563
396,0.529629,1.162205,0.685483,-6.418609,-2.492664,14.573
397,0.541344,1.163451,0.554618,-8.163474,-40.505788,14.583
398,0.55306,1.164074,0.429985,-9.659073,-72.910418,14.593
399,0.5649,1.16719,0.367668,-9.970656,-84.127406,14.603
400,0.576615,1.168436,0.292888,-10.282239,-91.605398,14.613
401,0.588331,1.169059,0.211876,-10.843088,-105.938215,14.623
402,0.599922,1.169059,0.162023,-10.406872,-97.213891,14.633
403,0.611388,1.167813,0.118402,-9.596756,-77.27258,14.643
404,0.622854,1.16532,0.049853,-9.34749,-67.925091,14.653
405,0.634321,1.163451,0.018695,-8.101158,-34.274128,14.663
406,0.645725,1.160958,-0.012463,-6.979459,-5.608494,14.673
407,0.657066,1.157219,-0.062317,-6.169343,19.941311,14.683
408,0.668346,1.152857,-0.11217,-5.421544,42.375286,14.693
409,0.679562,1.146625,-0.205645,-5.733127,42.375286,14.703
410,0.690904,1.142886,-0.255498,-5.483861,47.98378,14.713
411,0.702246,1.139147,-0.29912,-5.109961,57.331269,14.723
412,0.71365,1.137278,-0.317815,-4.798378,56.084937,14.733
413,0.725241,1.138524,-0.292888,-4.112895,54.838605,14.743
414,0.736707,1.138524,-0.267961,-3.178146,61.693431,14.753
415,0.748048,1.137278,-0.26173,-2.804247,52.969107,14.763
416,0.759515,1.137901,-0.230571,-2.181081,47.98378,14.773
417,0.770981,1.139147,-0.180718,-1.184015,49.853278,14.783
418,0.782385,1.140394,-0.124633,-0.124633,52.969107,14.793
419,0.793851,1.142886,-0.03739,1.682548,74.15675,14.803
420,0.805317,1.144133,0.012463,2.679614,81.634742,14.813
421,0.816721,1.144756,0.056085,3.552046,86.62007,14.823
422,0.828188,1.145379,0.081012,3.988262,87.866402,14.833
423,0.839529,1.142886,0.043622,3.365096,74.779916,14.843
424,0.850995,1.142886,0.043622,3.11583,62.939763,14.853
425,0.862586,1.145379,0.081012,3.427413,62.316597,14.863
426,0.87399,1.144756,0.068548,2.991197,51.722775,14.873
427,0.885457,1.144756,0.056085,2.368031,35.52046,14.883
428,0.896985,1.146002,0.056085,1.807181,19.318145,14.893
429,0.908389,1.145379,0.024927,0.623166,-10.593821,14.903
430,0.919793,1.144756,0.006232,-0.062317,-27.419303,14.913
431,0.931259,1.145379,0.006232,-0.498533,-40.505788,14.923
432,0.942663,1.144756,-0.006232,-0.872432,-48.606946,14.933
433,0.954005,1.144756,0.018695,-0.249266,-36.143626,14.943
434,0.965222,1.142263,-0.006232,-0.498533,-36.143626,14.953
435,0.976314,1.137278,-0.081012,-1.620232,-50.476444,14.963
436,0.987469,1.134785,-0.099707,-1.682548,-46.737448,14.973
437,0.998374,1.129177,-0.155791,-2.118764,-44.86795,14.983
438,1.008968,1.119829,-0.26173,-3.178146,-49.853278,14.993
439,1.019188,1.107989,-0.3739,-3.988262,-46.114282,15.003
440,1.028972,1.091787,-0.529691,-5.359227,-52.969107,15.013
441,1.038195,1.069353,-0.760262,-7.664941,-71.664087,15.023
442,1.047043,1.043803,-1.009529,-10.032972,-91.605398,15.033
443,1.055519,1.015137,-1.296185,-13.148802,-128.995356,15.043
444,1.063557,0.983356,-1.589073,-15.828416,-153.298829,15.053
445,1.07116,0.948459,-1.888193,-18.071813,-164.515816,15.063
446,1.078264,0.907953,-2.268324,-21.686176,-200.036276,15.073
447,1.084994,0.866201,-2.62976,-24.739689,-226.209247,15.083
448,1.091475,0.825072,-2.947575,-26.858453,-236.803068,15.093
449,1.097894,0.787059,-3.209305,-28.354052,-243.657894,15.103
450,1.104125,0.751538,-3.402486,-28.727951,-233.687239,15.113
451,1.11017,0.719757,-3.495961,-27.356986,-196.920446,15.123
452,1.115841,0.687975,-3.558278,-25.487488,-154.54516,15.133
453,1.1212,0.656817,-3.583204,-22.870191,-97.213891,15.143
454,1.126435,0.628774,-3.545814,-19.567411,-37.389958,15.153
455,1.131482,0.603225,-3.452339,-15.641466,24.303473,15.163
456,1.136343,0.580791,-3.271621,-10.032972,116.532036,15.173
457,1.141079,0.560849,-3.053513,-4.237529,205.021604,15.183
458,1.145628,0.541531,-2.835405,1.121699,279.80152,15.193
459,1.149928,0.520344,-2.66715,5.421544,337.755956,15.203
460,1.154041,0.499156,-2.523822,8.78664,375.145914,15.213
461,1.158029,0.478591,-2.411652,10.843088,382.000739,15.223
462,1.161955,0.461143,-2.268324,12.899536,383.870237,15.233
463,1.165819,0.446187,-2.106301,14.769033,376.392246,15.243
464,1.169433,0.429985,-1.987899,15.579149,351.465607,15.253
465,1.172861,0.413782,-1.894425,15.579149,312.206151,15.263
466,1.176039,0.396957,-1.83834,14.332817,243.657894,15.273
467,1.178905,0.378262,-1.825876,12.27637,165.138982,15.283
468,1.181585,0.359567,-1.819645,10.157605,90.359066,15.293
469,1.184015,0.340872,-1.794718,8.724324,33.027796,15.303
470,1.186259,0.322177,-1.769791,7.540308,-12.463319,15.313
471,1.188315,0.302859,-1.757328,6.543243,-42.998452,15.323
472,1.190185,0.282294,-1.788486,4.798378,-81.011576,15.333
473,1.191805,0.25986,-1.863266,2.430347,-123.386862,15.343
474,1.193301,0.238673,-1.91312,0.747799,-148.313501,15.353
475,1.194609,0.217485,-1.962973,-0.685483,-162.646318,15.363
476,1.195793,0.197544,-1.994131,-1.557915,-158.907322,15.373
477,1.196977,0.180718,-1.975436,-1.495598,-137.719679,15.383
478,1.198037,0.164516,-1.950509,-1.308649,-114.662538,15.393
479,1.199096,0.150806,-1.900656,-1.059382,-97.837057,15.403
480,1.200031,0.13772,-1.844571,-0.747799,-82.881074,15.413
481,1.200965,0.126503,-1.76356,-0.062317,-66.055593,15.423
482,1.2019,0.117155,-1.65139,1.370965,-34.274128,15.433
483,1.202897,0.110924,-1.489367,3.738996,13.086485,15.443
484,1.203894,0.105938,-1.327344,5.85776,51.09961,15.453
485,1.204954,0.103446,-1.140394,8.225791,89.112734,15.463
486,1.206075,0.102822,-0.947212,10.469188,120.271032,15.473
487,1.207135,0.101576,-0.791421,11.840153,133.357518,15.483
488,1.208256,0.102199,-0.623166,13.273435,145.820837,15.493
489,1.209378,0.102822,-0.479838,14.208184,152.675663,15.503
490,1.210562,0.105315,-0.324046,15.20525,159.530488,15.513
491,1.211746,0.107808,-0.18695,15.766099,158.284156,15.523
492,1.212993,0.110924,-0.062317,15.890732,145.197671,15.533
493,1.214177,0.112793,0.018695,15.080616,113.416206,15.543
494,1.215423,0.115286,0.093475,14.208184,83.50424,15.553
495,1.216669,0.117155,0.137097,12.774902,45.491116,15.563
496,1.217916,0.118402,0.155791,11.030038,5.608494,15.573
497,1.219224,0.120894,0.193181,9.846022,-19.941311,15.583
498,1.220533,0.122764,0.205645,8.288107,-49.853278,15.593
499,1.221779,0.12401,0.211876,6.917142,-72.910418,15.603
500,1.223026,0.124633,0.193181,5.172278,-100.329721,15.613
501,1.224272,0.125256,0.174486,3.614363,-121.517364,15.623
502,1.225456,0.124633,0.137097,1.994131,-138.966011,15.633
503,1.226702,0.125256,0.124633,1.059382,-140.212343,15.643
504,1.227886,0.124633,0.093475,0,-142.081841,15.653
505,1.22907,0.12401,0.068548,-0.685483,-134.603849,15.663
506,1.230192,0.122764,0.043622,-1.121699,-121.517364,15.673
507,1.231314,0.120894,0,-1.931815,-117.778368,15.683
508,1.232373,0.118402,-0.043622,-2.492664,-107.807713,15.693
509,1.23337,0.115909,-0.081012,-2.92888,-98.460223,15.703
510,1.234243,0.11217,-0.124633,-3.178146,-83.50424,15.713
511,1.234803,0.105315,-0.199413,-3.738996,-73.533584,15.723
512,1.234866,0.094098,-0.305351,-4.424478,-64.186095,15.733
513,1.234492,0.077896,-0.473606,-5.982393,-70.417755,15.743
514,1.233744,0.058578,-0.660556,-7.540308,-75.403082,15.753
515,1.23256,0.034897,-0.891127,-9.596756,-89.112734,15.763
516,1.23094,0.007478,-1.152857,-11.964787,-108.430879,15.773
517,1.228696,-0.026173,-1.470672,-14.706717,-127.749024,15.783
518,1.22583,-0.065432,-1.83834,-17.94718,-154.54516,15.793
519,1.222402,-0.109677,-2.255861,-21.748492,-188.196123,15.803
520,1.218414,-0.158284,-2.70454,-25.799071,-226.209247,15.813
521,1.21399,-0.208137,-3.134525,-29.351117,-256.121214,15.823
522,1.209254,-0.256121,-3.502193,-31.968414,-275.439359,15.833
523,1.204019,-0.304728,-3.826239,-33.526329,-275.439359,15.843
524,1.198348,-0.353958,-4.125359,-34.648028,-271.077197,15.853
525,1.192241,-0.403188,-4.380857,-34.897294,-253.005384,15.863
526,1.18576,-0.451795,-4.592733,-34.398762,-224.339749,15.873
527,1.178968,-0.497286,-4.711135,-32.40463,-176.979135,15.883
528,1.172736,-0.530937,-4.65505,-28.167102,-102.199219,15.893
529,1.165445,-0.569574,-4.598965,-23.43104,-16.825481,15.903
530,1.157905,-0.605094,-4.4681,-17.635597,81.634742,15.913
531,1.150177,-0.638122,-4.299845,-11.653204,176.979135,15.923
532,1.142263,-0.669903,-4.137822,-6.356293,256.121214,15.933
533,1.134224,-0.697946,-3.932177,-1.059382,324.66947,15.943
534,1.125999,-0.723496,-3.695374,4.299845,389.478731,15.953
535,1.117461,-0.747799,-3.446108,9.34749,442.447838,15.963
536,1.108737,-0.770233,-3.184378,14.083551,484.823124,15.973
537,1.099826,-0.791421,-2.941343,17.697914,501.02544,15.983
538,1.08998,-0.827564,-2.96627,16.887798,450.548996,15.993
539,1.080694,-0.847506,-2.77932,18.196446,416.274868,16.003
540,1.071285,-0.866201,-2.611065,18.570346,362.059428,16.013
541,1.061688,-0.884896,-2.467737,18.32108,299.742831,16.023
542,1.051966,-0.902967,-2.330641,18.071813,244.28106,16.033
543,1.042183,-0.920416,-2.224703,17.074748,181.341297,16.043
544,1.032274,-0.937242,-2.137459,15.579149,112.793041,16.053
545,1.022241,-0.952198,-2.043984,14.021234,46.737448,16.063
546,1.012084,-0.96653,-1.962973,12.214053,-18.694979,16.073
547,1.001864,-0.979617,-1.881961,10.593821,-71.040921,16.083
548,0.991457,-0.985225,-1.57661,13.896601,-29.911967,16.093
549,0.98105,-0.996442,-1.489367,12.899536,-52.969107,16.103
550,0.971578,-0.997066,-1.308649,13.024169,-55.461771,16.113
551,0.960797,-1.008906,-1.2401,12.27637,-60.447099,16.123
552,0.94983,-1.021369,-1.184015,11.466254,-66.055593,16.133
553,0.938737,-1.034456,-1.140394,10.843088,-62.316597,16.143
554,0.92752,-1.047542,-1.103004,10.344555,-52.345941,16.153
555,0.916366,-1.058759,-1.065614,9.783706,-42.375286,16.163
556,0.904899,-1.071845,-1.05315,9.098223,-31.158298,16.173
557,0.893308,-1.085555,-1.059382,8.225791,-23.680307,16.183
558,0.881718,-1.097395,-1.121699,4.549112,-93.474895,16.193
559,0.870064,-1.109859,-1.134162,3.552046,-93.474895,16.203
560,0.857289,-1.142886,-1.458208,-1.495598,-145.197671,16.213
561,0.845636,-1.151611,-1.42705,-1.869498,-141.458675,16.223
562,0.833983,-1.158466,-1.370965,-1.869498,-133.357518,16.233
563,0.822267,-1.164697,-1.302417,-1.620232,-124.633194,16.243
564,0.81049,-1.170306,-1.227637,-1.246332,-115.90887,16.253
565,0.798587,-1.177784,-1.190247,-1.246332,-110.300377,16.263
566,0.786872,-1.180276,-1.084309,-0.311583,-94.098061,16.273
567,0.775156,-1.181523,-0.959676,0.997066,-72.287252,16.283
568,0.763503,-1.182146,-0.847506,2.74193,-18.071813,16.293
569,0.751787,-1.182769,-0.729104,4.050579,4.985328,16.303
570,0.739885,-1.174045,-0.311583,11.466254,129.618522,16.313
571,0.728045,-1.175914,-0.243035,11.840153,137.096513,16.323
572,0.716205,-1.177784,-0.193181,11.777837,136.473347,16.333
573,0.704427,-1.178407,-0.137097,11.653204,132.734352,16.343
574,0.692836,-1.176537,-0.062317,11.653204,128.995356,16.353
575,0.681245,-1.173422,0.043622,12.338686,135.850181,16.363
576,0.669592,-1.172798,0.07478,11.590887,119.0247,16.373
577,0.658001,-1.171552,0.099707,10.593821,95.967559,16.383
578,0.646348,-1.171552,0.105938,9.534439,67.925091,16.393
579,0.634819,-1.169683,0.130865,8.59969,45.491116,16.403
580,0.623415,-1.164697,0.093475,4.050579,-74.15675,16.413
581,0.611824,-1.162205,0.137097,3.801312,-80.38841,16.423
582,0.600358,-1.158466,0.193181,3.863629,-79.142078,16.433
583,0.588892,-1.15535,0.230571,3.676679,-79.765244,16.443
584,0.577176,-1.156596,0.199413,2.617297,-90.359066,16.453
585,0.565523,-1.157219,0.162023,1.184015,-111.546709,16.463
586,0.553932,-1.156596,0.162023,0.872432,-107.184547,16.473
587,0.542279,-1.157219,0.143328,0.436216,-101.576053,16.483
588,0.530688,-1.156596,0.14956,0.436216,-90.982232,16.493
589,0.518786,-1.160335,0.093475,-0.3739,-89.7359,16.503
590,0.506946,-1.164697,0,-0.934749,-49.853278,16.513
591,0.49523,-1.165944,-0.03739,-1.744865,-55.461771,16.523
592,0.48339,-1.169683,-0.11217,-3.053513,-69.171423,16.533
593,0.471612,-1.172798,-0.174486,-4.050579,-77.27258,16.543
594,0.459896,-1.172798,-0.162023,-3.614363,-62.316597,16.553
595,0.448119,-1.174045,-0.168255,-3.30278,-44.86795,16.563
596,0.436341,-1.175914,-0.193181,-3.552046,-44.244784,16.573
597,0.424563,-1.177161,-0.199413,-3.427413,-38.63629,16.583
598,0.412661,-1.180276,-0.236803,-3.863629,-42.998452,16.593
599,0.400945,-1.178407,-0.180718,-2.74193,-23.680307,16.603
600,0.389105,-1.178407,-0.137097,-1.370965,-4.362162,16.613
601,0.377327,-1.17903,-0.130865,-0.934749,8.101158,16.623
602,0.365674,-1.177161,-0.07478,0.3739,34.274128,16.633
603,0.353896,-1.177161,-0.043622,1.308649,53.592273,16.643
604,0.342118,-1.177784,-0.049853,1.121699,47.360614,16.653
605,0.330403,-1.177161,-0.031158,1.370965,46.737448,16.663
606,0.318749,-1.175914,0,1.931815,54.838605,16.673
607,0.307283,-1.172798,0.043622,2.430347,58.577601,16.683
608,0.295817,-1.168436,0.118402,3.552046,74.15675,16.693
609,0.284413,-1.16532,0.130865,3.11583,58.577601,16.703
610,0.273134,-1.159712,0.18695,3.240463,46.114282,16.713
611,0.261917,-1.154103,0.249266,3.801312,47.360614,16.723
612,0.2507,-1.149741,0.274193,3.489729,31.158298,16.733
613,0.239607,-1.142886,0.342741,3.863629,25.549805,16.743
614,0.228577,-1.135408,0.423753,4.736061,36.143626,16.753
615,0.21761,-1.12793,0.492301,5.234594,38.63629,16.763
616,0.206829,-1.119206,0.567081,5.67081,37.389958,16.773
617,0.196235,-1.110482,0.623166,5.795444,33.650962,16.783
618,0.186015,-1.098018,0.704178,5.85776,23.057141,16.793
619,0.176231,-1.081816,0.835042,7.041775,39.259456,16.803
620,0.166946,-1.061875,0.978371,7.914208,46.737448,16.813
621,0.157973,-1.039441,1.146625,8.97359,51.722775,16.823
622,0.149311,-1.013891,1.358502,10.843088,73.533584,16.833
623,0.141085,-0.985225,1.57661,12.338686,84.750572,16.843
624,0.133295,-0.952821,1.825876,14.021234,92.851729,16.853
625,0.125942,-0.916677,2.112533,16.202315,109.677211,16.863
626,0.1189,-0.879287,2.399189,18.32108,126.502692,16.873
627,0.112045,-0.841897,2.685845,20.626794,148.313501,16.883
628,0.105502,-0.80513,2.92888,22.247025,163.89265,16.893
629,0.099146,-0.770856,3.109598,22.745558,157.037824,16.903
630,0.092914,-0.740321,3.215536,22.371658,144.574505,16.913
631,0.086994,-0.709786,3.296548,21.499226,125.25636,16.923
632,0.081385,-0.679251,3.346401,19.878994,90.359066,16.933
633,0.076026,-0.650585,3.346401,17.697914,53.592273,16.943
634,0.070979,-0.623166,3.296548,14.706717,6.854826,16.953
635,0.066305,-0.59637,3.203073,10.905404,-52.969107,16.963
636,0.061943,-0.569574,3.097135,6.979459,-113.416206,16.973
637,0.057954,-0.540908,3.009892,3.240463,-173.863306,16.983
638,0.054215,-0.512866,2.922648,-0.062317,-223.093417,16.993
639,0.050726,-0.4842,2.866563,-2.430347,-251.759052,17.003
640,0.047361,-0.455534,2.847868,-3.676679,-260.483375,17.013
641,0.044058,-0.429361,2.804247,-4.923011,-264.222371,17.023
642,0.040755,-0.406304,2.729467,-6.169343,-260.483375,17.033
643,0.037328,-0.386986,2.635992,-7.104092,-248.020056,17.043
644,0.033963,-0.370161,2.530054,-7.664941,-223.716583,17.053
645,0.030535,-0.357697,2.386726,-8.163474,-190.688787,17.063
646,0.02717,-0.347727,2.218471,-8.78664,-157.66099,17.073
647,0.023805,-0.341495,1.994131,-10.157605,-133.980683,17.083
648,0.020502,-0.337133,1.757328,-11.653204,-115.90887,17.093
649,0.017324,-0.334017,1.50183,-13.647335,-112.169875,17.103
650,0.014333,-0.330278,1.252564,-15.953049,-122.763696,17.113
651,0.011653,-0.324046,1.05315,-17.510964,-125.879526,17.123
652,0.009347,-0.314076,0.922286,-18.071813,-119.0247,17.133
653,0.00754,-0.297873,0.891127,-17.448647,-103.445551,17.143
654,0.006045,-0.279178,0.909822,-16.202315,-85.373738,17.153
655,0.004923,-0.256121,1.015761,-13.709651,-55.461771,17.163
656,0.004051,-0.231195,1.16532,-10.531505,-17.448647,17.173
657,0.00349,-0.203152,1.383428,-6.107027,40.505788,17.183
658,0.003116,-0.173863,1.632695,-1.246332,104.068717,17.193
,,,,,,
1,0.000125,0,0,0,0,1.843
2,0.000561,0.004362,0,0,0,1.853
3,0.001309,0.01184,0.07478,0,0,1.863
4,0.00243,0.023057,0.18695,1.121699,0,1.873
5,0.003926,0.038013,0.33651,2.617297,14.955983,1.883
6,0.005733,0.056085,0.517228,4.424478,33.027796,1.893
7,0.007914,0.077896,0.735336,6.605559,54.838605,1.903
8,0.010469,0.103446,0.990834,9.16054,80.38841,1.913
9,0.01346,0.133358,1.289954,12.151736,110.300377,1.923
10,0.016888,0.167632,1.632695,15.579149,144.574505,1.933
11,0.020564,0.204398,2.000363,19.255828,181.341297,1.943
12,0.024366,0.238049,2.336872,22.620925,214.99226,1.953
13,0.028354,0.270454,2.586139,25.113589,239.918898,1.963
14,0.032405,0.299743,2.766857,25.799071,246.773724,1.973
15,0.03658,0.326539,2.885258,25.487488,228.701911,1.983
16,0.040942,0.352089,2.960038,24.428106,200.036276,1.993
17,0.045616,0.377015,2.991197,22.558608,159.530488,2.003
18,0.050476,0.400073,2.96627,19.754361,105.938215,2.013
19,0.055524,0.420637,2.872795,15.828416,36.766792,2.023
20,0.060759,0.438709,2.710772,10.780771,-47.98378,2.033
21,0.066243,0.456781,2.523822,5.234594,-140.212343,2.043
22,0.071913,0.475476,2.374262,0.3739,-222.470251,2.053
23,0.077709,0.493547,2.230934,-3.552046,-286.656346,2.063
24,0.083691,0.512866,2.131228,-6.356293,-321.55364,2.073
25,0.089798,0.532184,2.056448,-8.288107,-337.755956,2.083
26,0.09603,0.550879,1.987899,-9.721389,-341.494951,2.093
27,0.102137,0.565212,1.881961,-11.092354,-336.509624,2.103
28,0.108369,0.578921,1.788486,-11.777837,-315.321981,2.113
29,0.1146,0.590761,1.701243,-11.71552,-275.439359,2.123
30,0.120957,0.601978,1.632695,-10.780771,-215.615426,2.133
31,0.127437,0.611949,1.551683,-9.721389,-149.559833,2.143
32,0.134105,0.62192,1.46444,-9.098223,-94.721227,2.153
33,0.140898,0.63189,1.383428,-8.475057,-49.230112,2.163
34,0.147877,0.641861,1.289954,-8.412741,-20.564477,2.173
35,0.155168,0.653701,1.215174,-8.412741,-1.246332,2.183
36,0.162833,0.668034,1.171552,-8.163474,15.579149,2.193
37,0.17081,0.686729,1.215174,-6.667876,44.244784,2.203
38,0.179036,0.70667,1.27749,-5.109961,66.678759,2.213
39,0.187573,0.729727,1.38966,-3.11583,85.996904,2.223
40,0.196235,0.752784,1.508062,-1.246332,95.344393,2.233
41,0.205084,0.776465,1.645158,0.934749,106.561381,2.243
42,0.21412,0.800145,1.782255,3.178146,122.763696,2.253
43,0.223405,0.825072,1.931815,5.483861,139.589177,2.263
44,0.232939,0.850622,2.087606,7.976524,163.89265,2.273
45,0.242536,0.873679,2.199776,9.846022,182.587629,2.283
46,0.252133,0.892997,2.249629,10.780771,189.442455,2.293
47,0.261917,0.911069,2.243397,10.282239,169.501144,2.303
48,0.271887,0.928517,2.218471,9.409806,145.197671,2.313
49,0.281983,0.944096,2.143691,7.540308,106.561381,2.323
50,0.292327,0.960922,2.081374,5.733127,69.794589,2.333
51,0.302796,0.977124,2.006594,3.614363,26.796137,2.343
52,0.313328,0.99208,1.919351,1.370965,-18.071813,2.353
53,0.324046,1.006413,1.813413,-1.184015,-66.678759,2.363
54,0.334765,1.018253,1.676316,-4.112895,-120.894198,2.373
55,0.345608,1.030717,1.570378,-6.293976,-161.399986,2.383
56,0.356513,1.043803,1.508062,-7.415675,-181.964463,2.393
57,0.367419,1.05502,1.439513,-8.038841,-183.210795,2.403
58,0.378511,1.066237,1.377197,-8.412741,-178.225467,2.413
59,0.389666,1.076831,1.327344,-8.163474,-157.037824,2.423
60,0.40082,1.084932,1.2401,-8.412741,-141.458675,2.433
61,0.412037,1.09241,1.152857,-8.537374,-121.517364,2.443
62,0.423317,1.099888,1.078077,-8.412741,-97.837057,2.453
63,0.434534,1.104873,0.984602,-8.288107,-71.040921,2.463
64,0.445875,1.111105,0.928517,-7.477992,-33.650962,2.473
65,0.457217,1.11609,0.853737,-7.166409,-8.724324,2.483
66,0.468683,1.121699,0.778957,-7.291042,1.246332,2.493
67,0.480149,1.127307,0.722873,-7.166409,8.724324,2.503
68,0.491491,1.1298,0.635629,-7.415675,9.970656,2.513
69,0.502833,1.131669,0.548386,-7.789575,3.738996,2.523
70,0.514174,1.133539,0.486069,-7.540308,8.724324,2.533
71,0.525516,1.134785,0.423753,-7.291042,12.463319,2.543
72,0.53692,1.136032,0.361436,-7.166409,12.463319,2.553
73,0.548386,1.138524,0.33651,-6.480926,18.071813,2.563
74,0.55979,1.139147,0.280425,-6.480926,9.970656,2.573
75,0.571256,1.140394,0.243035,-6.107027,10.593821,2.583
76,0.582598,1.139147,0.174486,-6.04471,12.463319,2.593
77,0.594064,1.139147,0.118402,-6.04471,11.216987,2.603
78,0.60553,1.140394,0.105938,-5.296911,21.187643,2.613
79,0.616997,1.14164,0.099707,-4.486795,33.027796,2.623
80,0.628463,1.142886,0.093475,-3.925946,36.143626,2.633
81,0.639929,1.144133,0.093475,-3.30278,39.882622,2.643
82,0.651271,1.14351,0.07478,-2.866563,42.998452,2.653
83,0.662612,1.142263,0.03739,-2.991197,34.897294,2.663
84,0.673954,1.14164,0.024927,-2.55498,39.259456,2.673
85,0.685296,1.140394,0,-2.430347,36.766792,2.683
86,0.6967,1.141017,0.018695,-1.557915,44.86795,2.693
87,0.708103,1.140394,0.012463,-1.059382,49.853278,2.703
88,0.719507,1.139771,-0.006232,-1.121699,41.75212,2.713
89,0.730911,1.139147,-0.024927,-1.246332,32.40463,2.723
90,0.742315,1.138524,-0.043622,-1.370965,25.549805,2.733
91,0.753719,1.137901,-0.062317,-1.557915,17.448647,2.743
92,0.765248,1.139771,-0.03739,-1.121699,17.448647,2.753
93,0.776839,1.142263,0,-0.3739,26.172971,2.763
94,0.788492,1.145379,0.03739,0.124633,26.796137,2.773
95,0.800083,1.147872,0.07478,0.747799,31.781464,2.783
96,0.811736,1.150364,0.093475,0.747799,23.057141,2.793
97,0.823514,1.154103,0.137097,1.246332,23.057141,2.803
98,0.835292,1.157842,0.180718,1.869498,29.911967,2.813
99,0.84707,1.161581,0.22434,2.492664,37.389958,2.823
100,0.858847,1.16532,0.267961,3.11583,44.86795,2.833
101,0.870563,1.168436,0.305351,3.676679,52.345941,2.843
102,0.882403,1.171552,0.317815,3.552046,46.737448,2.853
103,0.894243,1.174045,0.317815,3.178146,35.52046,2.863
104,0.906021,1.175291,0.29912,2.617297,24.926639,2.873
105,0.917861,1.177784,0.29912,2.243397,14.955983,2.883
106,0.929639,1.17903,0.286656,1.931815,11.840153,2.893
107,0.941355,1.178407,0.243035,1.059382,-1.869498,2.903
108,0.953008,1.177161,0.193181,0.124633,-17.448647,2.913
109,0.964661,1.175914,0.143328,-0.810116,-33.027796,2.923
110,0.976376,1.175291,0.099707,-1.682548,-47.98378,2.933
111,0.988154,1.175914,0.07478,-2.305714,-59.823933,2.943
112,0.999745,1.173422,0.018695,-2.991197,-65.432427,2.953
113,1.011211,1.169683,-0.043622,-3.614363,-67.925091,2.963
114,1.022678,1.166567,-0.087243,-3.863629,-64.809261,2.973
115,1.033957,1.160958,-0.168255,-4.673745,-69.171423,2.983
116,1.045112,1.154727,-0.243035,-5.296911,-72.287252,2.993
117,1.05583,1.144756,-0.33651,-5.795444,-68.548257,3.003
118,1.066237,1.132293,-0.448679,-6.418609,-65.432427,3.013
119,1.076395,1.117337,-0.585776,-7.291042,-64.809261,3.023
120,1.086178,1.098018,-0.772726,-8.724324,-70.417755,3.033
121,1.095588,1.074338,-1.015761,-10.905404,-85.996904,3.043
122,1.104562,1.048165,-1.252564,-12.712586,-97.213891,3.053
123,1.113099,1.018876,-1.508062,-14.6444,-110.300377,3.063
124,1.121138,0.984602,-1.819645,-17.324014,-134.603849,3.073
125,1.128865,0.949082,-2.118764,-19.505095,-148.313501,3.083
126,1.136156,0.910445,-2.442811,-21.997759,-167.00848,3.093
127,1.143136,0.873056,-2.717004,-23.80494,-180.094965,3.103
128,1.149804,0.835666,-2.96627,-25.175905,-187.572957,3.113
129,1.156035,0.796406,-3.209305,-26.235287,-189.442455,3.123
130,1.161893,0.757147,-3.408718,-26.359921,-176.355969,3.133
131,1.167314,0.717264,-3.570741,-25.549805,-146.444003,3.143
132,1.1723,0.677381,-3.707838,-24.552739,-118.401534,3.153
133,1.176974,0.638745,-3.801312,-22.932508,-82.881074,3.163
134,1.181398,0.602601,-3.820007,-20.003628,-26.796137,3.173
135,1.185449,0.565835,-3.832471,-17.137064,23.680307,3.183
136,1.18925,0.530937,-3.795081,-13.522702,84.750572,3.193
137,1.192864,0.497286,-3.757691,-10.406872,133.980683,3.203
138,1.196292,0.464882,-3.707838,-7.415675,177.602301,3.213
139,1.199532,0.43497,-3.614363,-4.050579,221.847085,3.223
140,1.202586,0.406927,-3.502193,-0.934749,254.251716,3.233
141,1.205577,0.382624,-3.346401,2.243397,277.932022,3.243
142,1.208568,0.362683,-3.146988,5.608494,301.612329,3.253
143,1.211372,0.343988,-2.947575,8.537374,314.698815,3.263
144,1.21399,0.325916,-2.766857,10.531505,305.351325,3.273
145,1.216545,0.31096,-2.548749,12.837219,299.742831,3.283
146,1.218975,0.29725,-2.336872,14.582084,281.047852,3.293
147,1.221343,0.284787,-2.124996,16.326948,267.338201,3.303
148,1.223586,0.272947,-1.919351,17.884863,253.005384,3.313
149,1.225705,0.26173,-1.732401,18.819612,228.701911,3.323
150,1.227699,0.251136,-1.557915,19.442778,203.775272,3.333
151,1.229444,0.238673,-1.439513,19.068879,168.254812,3.343
152,1.23094,0.223717,-1.38966,17.57328,119.647866,3.353
153,1.232248,0.208761,-1.35227,15.953049,74.15675,3.363
154,1.23337,0.193805,-1.321112,14.45745,39.259456,3.373
155,1.23418,0.176356,-1.346038,12.027103,-8.101158,3.383
156,1.234741,0.157661,-1.395892,9.409806,-51.722775,3.393
157,1.23499,0.136473,-1.483135,6.418609,-99.083389,3.403
158,1.23499,0.114039,-1.589073,3.30278,-145.820837,3.413
159,1.234741,0.090359,-1.713706,0.18695,-186.326625,3.423
160,1.234305,0.066056,-1.850803,-2.92888,-223.716583,3.433
161,1.233744,0.042998,-1.956741,-5.172278,-242.411562,3.443
162,1.233059,0.021188,-2.025289,-6.356293,-239.295732,3.453
163,1.232311,0.000623,-2.081374,-7.291042,-232.440907,3.463
164,1.231501,-0.018695,-2.124996,-8.038841,-224.962915,3.473
165,1.230628,-0.03552,-2.118764,-7.727258,-197.543612,3.483
166,1.229756,-0.049853,-2.075143,-6.792509,-162.023152,3.493
167,1.228883,-0.06107,-1.975436,-4.923011,-113.416206,3.503
168,1.228011,-0.069795,-1.83834,-2.492664,-57.954435,3.513
169,1.227263,-0.07478,-1.65139,0.623166,4.362162,3.523
170,1.226578,-0.077273,-1.433282,4.175212,71.040921,3.533
171,1.226017,-0.077273,-1.20271,7.540308,127.125858,3.543
172,1.225518,-0.075403,-0.965907,10.593821,169.501144,3.553
173,1.224895,-0.074157,-0.747799,13.335752,206.267936,3.563
174,1.22396,-0.075403,-0.567081,15.579149,236.179903,3.573
175,1.222652,-0.079765,-0.442448,16.763165,244.904226,3.583
176,1.220969,-0.087866,-0.380131,16.950114,237.426234,3.593
177,1.218913,-0.099707,-0.386363,15.890732,208.137434,3.603
178,1.216545,-0.114663,-0.448679,13.896601,163.89265,3.613
179,1.213616,-0.136473,-0.616934,10.344555,97.213891,3.623
180,1.210126,-0.164516,-0.872432,5.608494,14.332817,3.633
181,1.206138,-0.19879,-1.215174,-0.124633,-76.649414,3.643
182,1.201589,-0.239296,-1.638927,-6.730192,-173.24014,3.653
183,1.196603,-0.282917,-2.087606,-13.398068,-267.338201,3.663
184,1.191306,-0.326539,-2.511359,-19.442778,-350.219275,3.673
185,1.185885,-0.367668,-2.879027,-24.365789,-411.28954,3.683
186,1.180214,-0.407551,-3.196841,-28.167102,-451.172162,3.693
187,1.174107,-0.448056,-3.483498,-30.971349,-468.620809,3.703
188,1.167688,-0.488562,-3.738996,-32.903163,-467.997643,3.713
189,1.161145,-0.524706,-3.882324,-32.653897,-429.984519,3.723
190,1.154477,-0.556487,-3.919714,-30.472816,-360.813096,3.733
191,1.147436,-0.587022,-3.882324,-26.671504,-265.468703,3.743
192,1.141017,-0.605717,-3.664216,-20.252894,-135.227015,3.753
193,1.133788,-0.628151,-3.452339,-13.647335,-2.492664,3.763
194,1.126622,-0.646846,-3.203073,-6.917142,125.25636,3.773
195,1.119144,-0.667411,-2.997428,-1.184015,231.817741,3.783
196,1.111603,-0.686106,-2.785552,4.112895,322.799972,3.793
197,1.104001,-0.701062,-2.530054,9.534439,405.05788,3.803
198,1.096211,-0.714771,-2.262092,14.769033,476.721967,3.813
199,1.08811,-0.730351,-2.056448,18.258763,509.126597,3.823
200,1.079697,-0.747799,-1.91312,20.065944,505.387601,3.833
201,1.071222,-0.762132,-1.751096,21.312276,479.837797,3.843
202,1.06175,-0.792667,-1.869498,17.94718,382.000739,3.853
203,1.052714,-0.810739,-1.825876,16.264632,299.119665,3.863
204,1.043304,-0.833173,-1.863266,13.398068,203.152106,3.873
205,1.033895,-0.852491,-1.850803,11.466254,126.502692,3.883
206,1.024049,-0.875548,-1.894425,8.911273,47.98378,3.893
207,1.014203,-0.897982,-1.969204,5.608494,-39.259456,3.903
208,1.004232,-0.919793,-2.050216,2.118764,-126.502692,3.913
209,0.994261,-0.938488,-2.081374,-0.249266,-185.080293,3.923
210,0.984228,-0.95469,-2.068911,-1.557915,-216.238591,3.933
211,0.974133,-0.970893,-2.087606,-3.365096,-246.773724,3.943
212,0.963788,-0.979617,-1.869498,0,-179.471799,3.953
213,0.953319,-0.99395,-1.832108,-0.062317,-163.269484,3.963
214,0.943847,-0.994573,-1.614,2.492664,-109.054045,3.973
215,0.933316,-1.00579,-1.532988,3.178146,-82.881074,3.983
216,0.922909,-1.011398,-1.358502,5.359227,-35.52046,3.993
217,0.91219,-1.020123,-1.221405,7.477992,18.694979,4.003
218,0.901285,-1.02947,-1.096772,9.534439,74.15675,4.013
219,0.89038,-1.038818,-1.003297,10.780771,110.300377,4.023
220,0.879287,-1.049411,-0.947212,11.216987,127.749024,4.033
221,0.867946,-1.061875,-0.909822,11.777837,151.429331,4.043
222,0.856791,-1.069976,-0.903591,9.659073,96.590725,4.053
223,0.845574,-1.077454,-0.835042,9.970656,100.329721,4.063
224,0.833298,-1.105496,-1.109235,5.047644,25.549805,4.073
225,0.821831,-1.114844,-1.09054,4.424478,12.463319,4.083
226,0.810178,-1.127307,-1.159089,1.994131,-33.650962,4.093
227,0.798463,-1.137278,-1.171552,0.498533,-69.794589,4.103
228,0.786809,-1.144756,-1.152857,-0.560849,-100.952887,4.113
229,0.775032,-1.15348,-1.146625,-1.433282,-122.14053,4.123
230,0.763378,-1.159089,-1.096772,-1.495598,-127.125858,4.133
231,0.75185,-1.160958,-0.990834,-0.810116,-125.879526,4.143
232,0.740259,-1.16532,-0.953444,-0.498533,-101.576053,4.153
233,0.728793,-1.167813,-0.903591,-0.685483,-106.561381,4.163
234,0.717264,-1.160335,-0.548386,5.608494,5.608494,4.173
235,0.70586,-1.159712,-0.448679,6.418609,19.941311,4.183
236,0.695702,-1.144756,-0.174486,9.846022,78.518912,4.193
237,0.684548,-1.139147,-0.018695,11.52857,110.300377,4.203
238,0.673393,-1.134162,0.105938,12.587953,131.48802,4.213
239,0.662363,-1.126684,0.267961,14.145868,155.791492,4.223
240,0.651271,-1.121076,0.380131,14.769033,162.646318,4.233
241,0.640054,-1.11796,0.429985,14.208184,150.182999,4.243
242,0.628837,-1.114221,0.510996,14.6444,151.429331,4.253
243,0.617557,-1.112351,0.554618,14.582084,152.675663,4.263
244,0.606403,-1.108612,0.517228,10.656138,50.476444,4.273
245,0.595248,-1.10612,0.535923,9.846022,34.274128,4.283
246,0.582909,-1.12793,0.168255,3.427413,-64.186095,4.293
247,0.57163,-1.129177,0.099707,1.184015,-103.445551,4.303
248,0.560413,-1.1298,0.043622,-0.623166,-132.111186,4.313
249,0.549196,-1.131669,-0.049853,-3.178146,-173.24014,4.323
250,0.538104,-1.131669,-0.105938,-4.860695,-196.29728,4.333
251,0.527198,-1.128554,-0.105938,-5.359227,-195.674114,4.343
252,0.516106,-1.127307,-0.130865,-6.418609,-210.630098,4.353
253,0.505014,-1.125438,-0.130865,-6.854826,-214.369094,4.363
254,0.493984,-1.124191,-0.155791,-6.730192,-173.863306,4.373
255,0.482829,-1.124191,-0.180718,-7.166409,-170.12431,4.383
256,0.471799,-1.111105,0.168255,0,-34.274128,4.393
257,0.460769,-1.108612,0.205645,1.059382,-1.246332,4.403
258,0.450798,-1.096149,0.33651,2.92888,35.52046,4.413
259,0.439519,-1.096772,0.348973,3.988262,71.664087,4.423
260,0.428115,-1.099888,0.317815,4.237529,90.982232,4.433
261,0.416586,-1.10612,0.22434,3.30278,86.62007,4.443
262,0.40512,-1.109859,0.174486,3.053513,94.721227,4.453
263,0.393592,-1.114221,0.11217,2.430347,92.851729,4.463
264,0.381814,-1.121699,0.024927,1.807181,85.373738,4.473
265,0.370098,-1.127307,-0.031158,1.495598,86.62007,4.483
266,0.358133,-1.136655,-0.255498,-4.237529,-42.375286,4.493
267,0.346231,-1.145379,-0.367668,-5.733127,-67.925091,4.503
268,0.333207,-1.175914,-0.797652,-11.341621,-142.705007,4.513
269,0.321491,-1.180276,-0.835042,-11.840153,-158.284156,4.523
270,0.309776,-1.183392,-0.835042,-11.52857,-157.66099,4.533
271,0.297998,-1.185885,-0.797652,-10.219922,-135.227015,4.543
272,0.286282,-1.188378,-0.785189,-9.596756,-126.502692,4.553
273,0.274629,-1.189624,-0.754031,-8.662007,-110.923543,4.563
274,0.262976,-1.188378,-0.666788,-6.917142,-87.243236,4.573
275,0.251323,-1.187754,-0.604471,-5.733127,-72.287252,4.583
276,0.239919,-1.182146,-0.454911,-1.994131,22.433975,4.593
277,0.228764,-1.174668,-0.292888,0.747799,64.809261,4.603
278,0.217797,-1.154103,0.218108,10.157605,214.99226,4.613
279,0.207078,-1.144133,0.361436,11.964787,238.0494,4.623
280,0.196858,-1.129177,0.542154,13.771968,253.005384,4.633
281,0.187199,-1.107989,0.778957,15.766099,259.860209,4.643
282,0.178163,-1.081193,1.071845,18.570346,281.671018,4.653
283,0.169626,-1.050035,1.395892,21.499226,301.612329,4.663
284,0.161712,-1.012645,1.757328,24.241156,311.582985,4.673
285,0.154296,-0.970269,2.174849,27.793202,335.263292,4.683
286,0.147379,-0.925401,2.567444,30.22355,322.176806,4.693
287,0.140836,-0.879287,2.953807,32.466947,317.191479,4.703
288,0.134666,-0.831303,3.228,30.098916,199.41311,4.713
289,0.128684,-0.783943,3.601899,32.40463,204.398438,4.723
290,0.122826,-0.740321,3.888556,33.464013,196.920446,4.733
291,0.117155,-0.700439,4.075505,32.96548,171.993808,4.743
292,0.111609,-0.665541,4.156517,30.846716,122.763696,4.753
293,0.10625,-0.63376,4.162749,27.668569,61.693431,4.763
294,0.101015,-0.606964,4.05681,22.994824,-12.463319,4.773
295,0.09603,-0.58266,3.876092,17.012431,-107.807713,4.783
296,0.091231,-0.561473,3.639289,10.718455,-195.050949,4.793
297,0.086682,-0.541531,3.37756,4.237529,-282.294184,4.803
298,0.08232,-0.523459,3.07844,-1.495598,-315.945147,4.813
299,0.078207,-0.504764,2.791784,-8.101158,-405.05788,4.823
300,0.074219,-0.486069,2.542517,-13.460385,-469.243975,4.833
301,0.070293,-0.468621,2.318177,-17.57328,-505.387601,4.843
302,0.066367,-0.452418,2.131228,-20.252894,-510.996095,4.853
303,0.062441,-0.438086,1.956741,-22.060075,-497.286444,4.863
304,0.058515,-0.424999,1.819645,-22.371658,-453.664826,4.873
305,0.054527,-0.415029,1.676316,-21.997759,-390.101897,4.883
306,0.050539,-0.406927,1.545452,-20.938377,-316.568313,4.893
307,0.046426,-0.402565,1.38966,-19.878994,-241.16523,4.903
308,0.042375,-0.399449,1.2401,-18.383396,-168.877978,4.913
309,0.038387,-0.398203,1.065614,-17.261697,-91.605398,4.923
310,0.034586,-0.396334,0.897359,-16.451582,-29.911967,4.933
311,0.030971,-0.393218,0.754031,-15.641466,19.318145,4.943
312,0.027606,-0.387609,0.648093,-14.83135,54.215439,4.953
313,0.024553,-0.378885,0.592008,-13.647335,84.127406,4.963
314,0.021811,-0.367045,0.579544,-12.401003,99.706555,4.973
315,0.01938,-0.351466,0.635629,-10.406872,115.90887,4.983
316,0.017199,-0.333394,0.735336,-8.101158,128.37219,4.993
317,0.01533,-0.31096,0.916054,-4.736061,151.429331,5.003
318,0.013647,-0.28728,1.121699,-1.184015,171.993808,5.013
319,0.012152,-0.262353,1.358502,2.92888,201.905774,5.023
320,0.010781,-0.238049,1.582842,6.854826,233.064073,5.033
321,0.009534,-0.214369,1.788486,10.344555,259.860209,5.043
322,0.008475,-0.191312,1.962973,13.148802,279.80152,5.053
323,0.007478,-0.170747,2.081374,14.893667,285.410014,5.063
324,0.006606,-0.152052,2.149923,15.703782,281.047852,5.073
325,0.005795,-0.13585,2.156154,15.20525,256.121214,5.083
,,,,,,
1818,-0.001683,0.001869,0.018695,0,-17.448647,20.303
1819,-0.001496,0.003739,0.043622,0.249266,-17.448647,20.313
1820,-0.001309,0.005608,0.062317,0.436216,-16.202315,20.323
1821,-0.001122,0.007478,0.081012,0.623166,-13.086485,20.333
1822,-0.000935,0.009347,0.099707,0.810116,-9.970656,20.343
1823,-0.000685,0.01184,0.124633,1.059382,-6.23166,20.353
1824,-0.000312,0.015579,0.162023,1.433282,-1.246332,20.363
1825,0.000249,0.021188,0.211876,1.931815,4.985328,20.373
1826,0.001059,0.029289,0.286656,2.679614,15.579149,20.383
1827,0.002181,0.040506,0.392595,3.738996,29.288801,20.393
1828,0.003427,0.0511,0.492301,4.736061,42.375286,20.403
1829,0.004923,0.064186,0.604471,5.608494,53.592273,20.413
1830,0.00673,0.080388,0.747799,6.854826,64.186095,20.423
1831,0.008849,0.099707,0.922286,8.412741,77.895746,20.433
1832,0.011342,0.122764,1.134162,10.344555,95.344393,20.443
1833,0.014084,0.14769,1.358502,12.338686,112.793041,20.453
1834,0.017199,0.17511,1.595305,14.332817,128.995356,20.463
1835,0.020564,0.203152,1.819645,16.077682,141.458675,20.473
1836,0.024117,0.230571,2.012826,17.261697,145.820837,20.483
1837,0.027793,0.256121,2.156154,17.635597,138.966011,20.493
1838,0.031657,0.282294,2.311946,18.196446,134.603849,20.503
1839,0.035832,0.30909,2.449042,18.445713,128.37219,20.513
1840,0.040319,0.335886,2.55498,18.071813,112.169875,20.523
1841,0.045055,0.362059,2.623529,17.012431,85.996904,20.533
1842,0.050165,0.388232,2.654687,15.20525,48.606946,20.543
1843,0.055711,0.416275,2.685845,13.273435,9.34749,20.553
1844,0.061257,0.440578,2.654687,10.593821,-37.389958,20.563
1845,0.067053,0.464882,2.617297,7.976524,-81.011576,20.573
1846,0.073035,0.489185,2.586139,5.733127,-115.285704,20.583
1847,0.079267,0.514735,2.586139,4.299845,-133.357518,20.593
1848,0.085685,0.540285,2.579907,2.679614,-155.168326,20.603
1849,0.092104,0.562719,2.536285,0.872432,-175.732803,20.613
1850,0.098585,0.58266,2.467737,-0.872432,-189.442455,20.623
1851,0.105253,0.601978,2.399189,-2.243397,-192.558285,20.633
1852,0.111858,0.616934,2.287019,-3.676679,-188.819289,20.643
1853,0.118402,0.626905,2.106301,-5.795444,-190.688787,20.653
1854,0.125132,0.638745,1.981668,-6.730192,-173.24014,20.663
1855,0.131987,0.649339,1.844571,-7.727258,-157.037824,20.673
1856,0.139028,0.659933,1.707475,-8.78664,-145.197671,20.683
1857,0.146132,0.668657,1.53922,-10.469188,-147.690335,20.693
1858,0.153361,0.676758,1.364733,-12.151736,-148.313501,20.703
1859,0.160901,0.687975,1.252564,-12.837219,-137.096513,20.713
1860,0.168691,0.701062,1.184015,-12.837219,-119.647866,20.723
1861,0.176605,0.713525,1.115467,-12.837219,-105.938215,20.733
1862,0.184706,0.728481,1.115467,-11.71552,-80.38841,20.743
1863,0.193057,0.746553,1.196479,-9.098223,-33.027796,20.753
1864,0.201657,0.765248,1.265027,-7.166409,-4.362162,20.763
1865,0.210443,0.784566,1.35227,-4.923011,28.042469,20.773
1866,0.219417,0.803884,1.439513,-2.679614,61.070265,20.783
1867,0.228702,0.825695,1.570378,0.311583,107.807713,20.793
1868,0.238174,0.848129,1.713706,3.489729,156.414658,20.803
1869,0.247708,0.86807,1.80095,5.483861,183.210795,20.813
1870,0.257368,0.886765,1.857035,6.730192,195.674114,20.823
1871,0.267214,0.906083,1.925583,8.101158,209.383766,20.833
1872,0.277247,0.925401,1.969204,8.537374,202.52894,20.843
1873,0.287466,0.944096,1.975436,7.789575,168.877978,20.853
1874,0.297811,0.961545,1.962973,6.979459,141.458675,20.863
1875,0.308156,0.977124,1.925583,5.733127,106.561381,20.873
1876,0.318687,0.992703,1.888193,4.486795,71.664087,20.883
1877,0.329281,1.00579,1.80095,2.305714,19.941311,20.893
1878,0.339999,1.018253,1.701243,-0.124633,-36.143626,20.903
1879,0.350967,1.032586,1.645158,-1.557915,-70.417755,20.913
1880,0.361935,1.045672,1.589073,-2.679614,-94.098061,20.923
1881,0.372965,1.057513,1.514293,-4.112895,-122.14053,20.933
1882,0.384244,1.069976,1.445745,-5.234594,-137.719679,20.943
1883,0.395523,1.08057,1.364733,-6.107027,-138.966011,20.953
1884,0.406927,1.091164,1.296185,-6.667876,-136.473347,20.963
1885,0.418456,1.103004,1.258795,-6.667876,-124.010028,20.973
1886,0.429922,1.112351,1.196479,-6.917142,-114.039372,20.983
1887,0.441451,1.121699,1.159089,-6.418609,-87.243236,20.993
1888,0.452979,1.1298,1.115467,-5.85776,-57.331269,21.003
1889,0.464508,1.135408,1.028224,-6.169343,-46.114282,21.013
1890,0.476223,1.142886,0.972139,-6.169343,-34.897294,21.023
1891,0.488001,1.150364,0.928517,-5.85776,-17.448647,21.033
1892,0.499654,1.154103,0.841274,-6.04471,-8.101158,21.043
1893,0.51137,1.158466,0.778957,-5.85776,2.492664,21.053
1894,0.523023,1.160958,0.697946,-5.982393,6.854826,21.063
1895,0.534739,1.162828,0.598239,-6.605559,0.623166,21.073
1896,0.546517,1.165944,0.535923,-6.605559,3.11583,21.083
1897,0.558294,1.168436,0.467374,-6.917142,-4.985328,21.093
1898,0.570135,1.171552,0.417521,-6.979459,-11.216987,21.103
1899,0.582099,1.175914,0.405058,-6.23166,-0.623166,21.113
1900,0.593939,1.177161,0.342741,-6.293976,-1.246332,21.123
1901,0.60578,1.177784,0.274193,-6.543243,-6.854826,21.133
1902,0.617557,1.17903,0.249266,-5.920077,1.246332,21.143
1903,0.629273,1.17903,0.205645,-5.733127,1.246332,21.153
1904,0.641051,1.180276,0.193181,-5.047644,9.34749,21.163
1905,0.652829,1.1809,0.180718,-4.175212,24.303473,21.173
1906,0.664544,1.180276,0.143328,-3.925946,26.796137,21.183
1907,0.67626,1.179653,0.11217,-3.552046,33.650962,21.193
1908,0.687851,1.177161,0.056085,-3.614363,33.650962,21.203
1909,0.699317,1.172175,-0.03739,-4.424478,18.071813,21.213
1910,0.710908,1.169683,-0.07478,-4.175212,21.187643,21.223
1911,0.722499,1.16719,-0.105938,-3.801312,27.419303,21.233
1912,0.734152,1.165944,-0.130865,-3.801312,21.187643,21.243
1913,0.745805,1.16532,-0.137097,-3.427413,23.057141,21.253
1914,0.757334,1.162828,-0.174486,-3.676679,13.709651,21.263
1915,0.768924,1.160958,-0.199413,-3.801312,3.738996,21.273
1916,0.780578,1.160335,-0.199413,-3.427413,4.985328,21.283
1917,0.792169,1.159089,-0.205645,-3.178146,3.738996,21.293
1918,0.803822,1.159712,-0.174486,-2.305714,13.086485,21.303
1919,0.815413,1.160958,-0.11217,-0.747799,36.766792,21.313
1920,0.826941,1.160335,-0.093475,-0.18695,39.882622,21.323
1921,0.83847,1.159712,-0.07478,0.311583,41.128954,21.333
1922,0.849936,1.157842,-0.081012,0.498533,42.998452,21.343
1923,0.861465,1.156596,-0.087243,0.498533,39.259456,21.353
1924,0.873118,1.157842,-0.049853,1.246332,49.230112,21.363
1925,0.884646,1.157219,-0.03739,1.620232,54.215439,21.373
1926,0.896175,1.155973,-0.043622,1.557915,49.853278,21.383
1927,0.907704,1.15535,-0.03739,1.682548,48.606946,21.393
1928,0.919232,1.154103,-0.056085,1.184015,34.897294,21.403
1929,0.930823,1.154103,-0.068548,0.436216,11.840153,21.413
1930,0.942414,1.154727,-0.056085,0.3739,5.608494,21.423
1931,0.953942,1.154727,-0.049853,0.249266,-0.623166,21.433
1932,0.965471,1.15535,-0.024927,0.560849,0.623166,21.443
1933,0.976875,1.154103,-0.024927,0.623166,1.246332,21.453
1934,0.988217,1.150988,-0.068548,-0.18695,-14.332817,21.463
1935,0.999621,1.149741,-0.07478,-0.3739,-19.941311,21.473
1936,1.0109,1.147249,-0.087243,-0.436216,-19.941311,21.483
1937,1.022179,1.144756,-0.105938,-0.685483,-23.680307,21.493
1938,1.033396,1.14164,-0.124633,-0.685483,-18.694979,21.503
1939,1.044426,1.136032,-0.180718,-1.121699,-15.579149,21.513
1940,1.055145,1.127307,-0.274193,-2.181081,-25.549805,21.523
1941,1.065489,1.115467,-0.392595,-3.427413,-36.766792,21.533
1942,1.07546,1.099888,-0.554618,-5.296911,-58.577601,21.543
1943,1.085119,1.082439,-0.716641,-6.917142,-75.403082,21.553
1944,1.094404,1.061875,-0.891127,-8.225791,-80.38841,21.563
1945,1.103191,1.035702,-1.140394,-10.656138,-102.822385,21.573
1946,1.111541,1.006413,-1.408355,-13.211119,-127.749024,21.583
1947,1.119518,0.973385,-1.713706,-16.077682,-153.921995,21.593
1948,1.12712,0.937242,-2.043984,-19.193512,-185.080293,21.603
1949,1.134349,0.899228,-2.368031,-21.873126,-207.514268,21.613
1950,1.141204,0.860592,-2.66715,-23.929573,-217.484923,21.623
1951,1.147809,0.823202,-2.922648,-25.300538,-218.731255,21.633
1952,1.154041,0.785812,-3.140756,-25.861388,-205.64477,21.643
1953,1.159961,0.748422,-3.34017,-26.235287,-193.181451,21.653
1954,1.16557,0.711656,-3.502193,-26.110654,-178.848633,21.663
1955,1.170991,0.678005,-3.576973,-24.365789,-137.096513,21.673
1956,1.176101,0.6456,-3.608131,-21.997759,-87.866402,21.683
1957,1.1809,0.613818,-3.595668,-18.819612,-27.419303,21.693
1958,1.185386,0.58266,-3.545814,-15.0183,41.75212,21.703
1959,1.189562,0.552125,-3.471034,-11.030038,108.430879,21.713
1960,1.19355,0.523459,-3.371328,-7.041775,168.877978,21.723
1961,1.197351,0.495417,-3.277853,-3.552046,217.484923,21.733
1962,1.201028,0.469867,-3.159451,-0.18695,256.74438,21.743
1963,1.20458,0.446187,-3.022355,3.178146,294.134338,21.753
1964,1.207945,0.423753,-2.879027,6.23166,323.423138,21.763
1965,1.211061,0.400696,-2.773089,8.038841,324.046304,21.773
1966,1.214052,0.379508,-2.660919,9.472123,314.698815,21.783
1967,1.216794,0.358944,-2.548749,10.469188,292.888006,21.793
1968,1.219349,0.339625,-2.430347,11.154671,261.729707,21.803
1969,1.221655,0.32093,-2.311946,11.590887,226.209247,21.813
1970,1.223836,0.302859,-2.206008,11.653204,186.949791,21.823
1971,1.225767,0.284164,-2.112533,11.653204,152.052497,21.833
1972,1.227575,0.265469,-2.043984,11.154671,113.416206,21.843
1973,1.229195,0.246151,-2.000363,10.219922,70.417755,21.853
1974,1.23069,0.227456,-1.962973,9.16054,29.288801,21.863
1975,1.232061,0.210007,-1.906888,8.662007,6.23166,21.873
1976,1.233308,0.192558,-1.869498,7.914208,-15.579149,21.883
1977,1.234367,0.175733,-1.832108,7.166409,-33.027796,21.893
1978,1.23524,0.158907,-1.807181,6.23166,-49.230112,21.903
1979,1.235987,0.143328,-1.776023,5.359227,-62.316597,21.913
1980,1.236548,0.127126,-1.757328,4.486795,-71.664087,21.923
1981,1.237047,0.112793,-1.713706,3.988262,-76.649414,21.933
1982,1.237421,0.09846,-1.670085,3.738996,-74.15675,21.943
1983,1.23767,0.084751,-1.614,3.863629,-63.562929,21.953
1984,1.237545,0.068548,-1.589073,3.738996,-54.215439,21.963
1985,1.236984,0.04923,-1.607768,2.991197,-56.708103,21.973
1986,1.23605,0.027419,-1.65139,2.181081,-57.331269,21.983
1987,1.234679,0.003116,-1.72617,1.059382,-61.070265,21.993
1988,1.232809,-0.024303,-1.832108,-0.249266,-64.809261,22.003
1989,1.230566,-0.054215,-1.975436,-1.994131,-73.533584,22.013
1990,1.227762,-0.087866,-2.149923,-3.925946,-84.127406,22.023
1991,1.224272,-0.127749,-2.405421,-6.917142,-109.054045,22.033
1992,1.220221,-0.171994,-2.70454,-10.344555,-140.835509,22.043
1993,1.215485,-0.221847,-3.065977,-14.519767,-183.833961,22.053
1994,1.210375,-0.2717,-3.402486,-18.13413,-218.731255,22.063
1995,1.204954,-0.320307,-3.695374,-20.87606,-238.672566,22.073
1996,1.199158,-0.368914,-3.963336,-23.119457,-253.005384,22.083
1997,1.193114,-0.415652,-4.187675,-24.615056,-256.74438,22.093
1998,1.186757,-0.46052,-4.362162,-25.300538,-250.51272,22.103
1999,1.180027,-0.505388,-4.511722,-25.362855,-233.687239,22.113
2000,1.173172,-0.545893,-4.58027,-24.303473,-203.775272,22.123
2001,1.166317,-0.579544,-4.517953,-21.125326,-142.081841,22.133
2002,1.159338,-0.608833,-4.368393,-16.638531,-62.939763,22.143
2003,1.152234,-0.632513,-4.106664,-10.406872,41.128954,22.153
2004,1.144881,-0.654947,-3.832471,-4.299845,138.342845,22.163
2005,1.137465,-0.674889,-3.545814,1.495598,223.716583,22.173
2006,1.129925,-0.692337,-3.234231,7.291042,304.104993,22.183
2007,1.12226,-0.70854,-2.92888,12.587953,372.030084,22.193
2008,1.114595,-0.721626,-2.611065,17.510964,428.115021,22.203
2009,1.10693,-0.730974,-2.255861,22.558608,479.214631,22.213
2010,1.099078,-0.740944,-1.950509,26.297604,506.010767,22.223
2011,1.090914,-0.754031,-1.744865,27.730886,488.56212,22.233
2012,1.082502,-0.768364,-1.595305,27.730886,443.69417,22.243
2013,1.073902,-0.78332,-1.508062,25.986021,363.928926,22.253
2014,1.065302,-0.795783,-1.408355,24.241156,285.410014,22.263
2015,1.056453,-0.810116,-1.35227,21.935442,204.398438,22.273
2016,1.047542,-0.823825,-1.31488,19.193512,119.0247,22.283
2017,1.038444,-0.838158,-1.296185,16.326948,37.389958,22.293
2018,1.029096,-0.854984,-1.333575,12.774902,-47.360614,22.303
2019,1.019562,-0.873679,-1.42705,8.288107,-142.705007,22.313
2020,1.009903,-0.891751,-1.508062,4.424478,-218.731255,22.323
2021,1.000244,-0.906706,-1.526757,2.181081,-255.498048,22.333
2022,0.990522,-0.919793,-1.514293,0.810116,-269.207699,22.343
2023,0.980863,-0.930387,-1.470672,0.3739,-256.121214,22.353
2024,0.970955,-0.943473,-1.476903,-0.685483,-249.266388,22.363
2025,0.96086,-0.955937,-1.458208,-1.059382,-229.948243,22.373
2026,0.950515,-0.970269,-1.46444,-1.495598,-206.891102,22.383
2027,0.94017,-0.982733,-1.445745,-1.495598,-178.225467,22.393
2028,0.929764,-0.993327,-1.383428,-0.498533,-132.734352,22.403
2029,0.919232,-1.003297,-1.296185,1.308649,-69.794589,22.413
2030,0.908451,-1.014514,-1.227637,2.804247,-16.202315,22.423
2031,0.897484,-1.027601,-1.208942,3.178146,9.970656,22.433
2032,0.886329,-1.041934,-1.221405,2.92888,21.187643,22.443
2033,0.874863,-1.060005,-1.296185,1.744865,13.709651,22.453
2034,0.863334,-1.076208,-1.327344,1.495598,21.810809,22.463
2035,0.851743,-1.091164,-1.35227,1.059382,21.187643,22.473
2036,0.84009,-1.10425,-1.339807,1.246332,27.419303,22.483
2037,0.828375,-1.11796,-1.35227,0.934749,24.303473,22.493
2038,0.816534,-1.132293,-1.38966,-0.062317,4.362162,22.503
2039,0.80457,-1.146625,-1.433282,-1.370965,-26.796137,22.513
2040,0.792667,-1.157842,-1.433282,-2.056448,-48.606946,22.523
2041,0.780765,-1.16719,-1.395892,-1.869498,-50.476444,22.533
2042,0.768924,-1.174045,-1.321112,-0.997066,-39.259456,22.543
2043,0.757084,-1.177784,-1.177784,1.184015,-5.608494,22.553
2044,0.745182,-1.181523,-1.05315,2.74193,12.463319,22.563
2045,0.733279,-1.184639,-0.934749,4.175212,31.158298,22.573
2046,0.721439,-1.186508,-0.822579,5.172278,39.259456,22.583
2047,0.709537,-1.188378,-0.704178,6.480926,55.461771,22.593
2048,0.697634,-1.189001,-0.567081,8.225791,82.881074,22.603
2049,0.685732,-1.188378,-0.417521,10.157605,115.285704,22.613
2050,0.673829,-1.188378,-0.305351,11.279304,133.357518,22.623
2051,0.662052,-1.187131,-0.199413,11.964787,138.342845,22.633
2052,0.650274,-1.186508,-0.124633,11.964787,129.618522,22.643
2053,0.638558,-1.185262,-0.07478,11.030038,98.460223,22.653
2054,0.626843,-1.183392,-0.018695,10.344555,76.026248,22.663
2055,0.615189,-1.1809,0.03739,9.721389,55.461771,22.673
2056,0.603599,-1.178407,0.081012,9.035907,38.63629,22.683
2057,0.591821,-1.177161,0.11217,8.163474,16.825481,22.693
2058,0.580105,-1.175291,0.137097,7.041775,-11.840153,22.703
2059,0.568452,-1.172798,0.155791,5.733127,-44.244784,22.713
2060,0.556861,-1.169683,0.18695,4.923011,-63.562929,22.723
2061,0.545333,-1.16719,0.199413,3.988262,-79.765244,22.733
2062,0.533742,-1.16532,0.211876,3.365096,-85.996904,22.743
2063,0.522151,-1.164074,0.211876,2.866563,-81.634742,22.753
2064,0.510747,-1.160958,0.22434,2.430347,-79.142078,22.763
2065,0.499218,-1.159712,0.211876,1.744865,-79.765244,22.773
2066,0.487565,-1.160335,0.180718,0.997066,-80.38841,22.783
2067,0.476223,-1.155973,0.211876,0.997066,-71.664087,22.793
2068,0.464695,-1.154103,0.211876,0.747799,-62.939763,22.803
2069,0.453166,-1.152857,0.199413,0.436216,-52.969107,22.813
2070,0.4417,-1.151611,0.180718,-0.062317,-49.853278,22.823
2071,0.429985,-1.15348,0.137097,-0.623166,-46.114282,22.833
2072,0.418394,-1.15348,0.118402,-0.934749,-42.998452,22.843
2073,0.406803,-1.15348,0.105938,-1.059382,-39.259456,22.853
2074,0.395087,-1.156596,0.043622,-1.807181,-42.375286,22.863
2075,0.383496,-1.157219,0.024927,-1.869498,-36.143626,22.873
2076,0.371843,-1.157219,0.031158,-1.495598,-24.926639,22.883
2077,0.360003,-1.162205,-0.062317,-2.74193,-37.389958,22.893
2078,0.34835,-1.163451,-0.093475,-3.053513,-38.013124,22.903
2079,0.336697,-1.164697,-0.118402,-3.178146,-36.143626,22.913
2080,0.324981,-1.16719,-0.155791,-3.365096,-33.027796,22.923
2081,0.31339,-1.165944,-0.124633,-2.617297,-19.941311,22.933
2082,0.301612,-1.167813,-0.143328,-2.617297,-16.825481,22.943
2083,0.289834,-1.169683,-0.162023,-2.679614,-16.202315,22.953
2084,0.278057,-1.170306,-0.137097,-1.807181,0,22.963
2085,0.266341,-1.171552,-0.143328,-1.682548,1.869498,22.973
2086,0.25475,-1.170929,-0.137097,-1.682548,-1.869498,22.983
2087,0.243159,-1.168436,-0.062317,0,27.419303,22.993
2088,0.231693,-1.166567,-0.031158,0.623166,36.766792,23.003
2089,0.220414,-1.162828,0.018695,1.370965,45.491116,23.013
2090,0.209321,-1.156596,0.105938,2.617297,59.823933,23.023
2091,0.198541,-1.148495,0.174486,2.991197,56.084937,23.033
2092,0.188258,-1.133539,0.342741,4.860695,74.779916,23.043
2093,0.178475,-1.113598,0.560849,7.228725,99.083389,23.053
2094,0.169065,-1.089917,0.803884,9.409806,112.169875,23.063
2095,0.160029,-1.063121,1.084309,12.27637,139.589177,23.073
2096,0.151429,-1.033209,1.377197,15.142933,168.254812,23.083
2097,0.14339,-0.997689,1.707475,17.697914,176.979135,23.093
2098,0.135663,-0.960299,2.062679,20.938377,203.152106,23.103
2099,0.128123,-0.922909,2.399189,23.80494,224.339749,23.113
2100,0.120832,-0.884896,2.717004,26.110654,234.933571,23.123
2101,0.113665,-0.848752,2.997428,28.229418,252.382218,23.133
2102,0.106748,-0.815101,3.184378,28.416368,235.556737,23.143
2103,0.100018,-0.784566,3.290316,27.294669,200.659442,23.153
2104,0.093662,-0.754031,3.358865,25.549805,161.399986,23.163
2105,0.087555,-0.724742,3.383791,22.994824,107.184547,23.173
2106,0.081759,-0.6967,3.365096,19.878994,47.360614,23.183
2107,0.076338,-0.670527,3.271621,15.641466,-20.564477,23.193
2108,0.071353,-0.643107,3.171915,11.092354,-98.460223,23.203
2109,0.066866,-0.612572,3.103367,7.041775,-167.631646,23.213
2110,0.062753,-0.580791,3.04105,3.240463,-228.701911,23.223
2111,0.058889,-0.547763,3.009892,0.124633,-281.047852,23.233
2112,0.055088,-0.516605,2.984965,-1.994131,-304.104993,23.243
2113,0.051411,-0.486069,2.984965,-3.053513,-303.481827,23.253
2114,0.047797,-0.45865,2.953807,-4.050579,-296.003836,23.263
2115,0.044245,-0.4331,2.916417,-4.673745,-276.685691,23.273
2116,0.040693,-0.410666,2.860332,-5.047644,-249.266388,23.283
2117,0.037078,-0.392595,2.77932,-4.923011,-205.64477,23.293
2118,0.033526,-0.378262,2.648455,-5.234594,-163.269484,23.303
2119,0.030037,-0.368291,2.442811,-6.605559,-136.473347,23.313
2120,0.026609,-0.361436,2.193544,-8.475057,-117.155202,23.323
2121,0.023244,-0.356451,1.91312,-10.967721,-110.923543,23.334
2122,0.020128,-0.349596,1.670085,-13.148802,-111.546709,23.344
2123,0.017262,-0.341495,1.445745,-15.392199,-123.386862,23.354
2124,0.014644,-0.331524,1.271259,-16.825481,-127.749024,23.364
2125,0.012339,-0.319061,1.140394,-17.76023,-130.864854,23.374
2126,0.010345,-0.303482,1.071845,-17.884863,-128.37219,23.384
2127,0.008662,-0.284164,1.084309,-16.950114,-120.271032,23.394
2128,0.007229,-0.262976,1.152857,-14.955983,-97.213891,23.404
2129,0.006045,-0.239919,1.283722,-11.590887,-49.853278,23.414
2130,0.00511,-0.214992,1.46444,-7.291042,11.840153,23.424
2131,0.004611,-0.186327,1.701243,-2.118764,88.489568,23.434
2132,0.0043,-0.158284,1.91312,2.430347,155.791492,23.444
2133,0.004113,-0.131488,2.100069,6.543243,219.354421,23.454
2134,0.004113,-0.105315,2.262092,9.908339,267.338201,23.464
2135,0.004238,-0.081012,2.380494,12.401003,301.612329,23.474
2136,0.004487,-0.058578,2.449042,13.771968,316.568313,23.484
2137,0.004861,-0.038013,2.461506,13.771968,307.220823,23.494
2138,0.005297,-0.019318,2.436579,12.837219,277.932022,23.504
2139,0.005858,-0.001869,2.380494,10.967721,225.586081,23.514
2140,0.006543,0.014333,2.293251,8.288107,155.791492,23.524
2141,0.007229,0.026173,2.124996,4.237529,63.562929,23.534
2142,0.008039,0.03739,1.956741,0.436216,-19.941311,23.544
2143,0.008911,0.047984,1.794718,-3.053513,-95.967559,23.554
2144,0.009784,0.056708,1.620232,-6.418609,-163.269484,23.564
2145,0.010656,0.064186,1.451977,-9.285173,-216.861757,23.574
2146,0.011466,0.069795,1.283722,-11.653204,-254.251716,23.584
2147,0.012214,0.073534,1.115467,-13.460385,-272.323529,23.594
2148,0.012962,0.076649,0.959676,-14.769033,-276.062525,23.604
2149,0.013585,0.077273,0.791421,-15.890732,-268.584533,23.614
2150,0.014084,0.075403,0.610703,-16.825481,-251.135886,23.624
2151,0.014582,0.073534,0.473606,-16.513898,-207.514268,23.634
2152,0.015018,0.069795,0.324046,-16.326948,-167.631646,23.644
